ID,total_fire_size,STATE,MONTH
0,106.89284,AK,2011-04
1,323.93115,AK,2011-05
2,315.3396,AK,2011-06
3,315.55414,AK,2011-07
4,304.08008,AK,2011-08
5,297.3464,AK,2011-09
6,88.431046,AK,2011-10
7,298.25885,AK,2012-04
8,315.06396,AK,2012-05
9,315.18512,AK,2012-06
10,317.4854,AK,2012-07
11,162.48944,AK,2012-08
12,316.64285,AK,2013-09
13,325.14548,AK,2013-10
14,320.2804,AK,2013-03
15,314.58426,AK,2013-04
16,184.66663,AK,2013-05
17,96.13864,AK,2013-06
18,302.82947,AK,2014-07
19,316.10812,AK,2014-08
20,315.39853,AK,2014-09
21,313.1581,AK,2014-10
22,307.1848,AK,2014-03
23,115.38587,AK,2015-04
24,315.19162,AK,2015-05
25,320.53348,AK,2015-06
26,317.4186,AK,2015-07
27,315.71677,AK,2015-08
28,183.82944,AK,2015-09
29,82.66831,AK,2015-10
30,436.0069,,
31,458.79013,,
32,465.88562,,
33,474.4268,,
34,527.57416,,
35,510.31723,,
36,476.44107,,
37,494.7583,,
38,473.41647,,
39,472.8923,,
40,442.46848,,
41,430.14697,,
42,441.1072,,
43,461.76498,,
44,465.17325,,
45,469.311,,
46,472.17267,,
47,484.07996,,
48,470.76407,,
49,469.26184,,
50,440.3463,,
51,447.83124,,
52,449.72574,,
53,427.4439,,
54,442.381,,
55,455.49335,,
56,473.06604,,
57,465.29816,,
58,473.49344,,
59,442.4296,,
60,475.68472,,
61,453.5187,,
62,448.43066,AL,2011-08
63,477.2661,AL,2011-09
64,459.67624,AL,2011-10
65,432.73767,AL,2011-04
66,435.96463,AL,2011-05
67,461.28027,AL,2011-06
68,470.11182,AL,2011-07
69,465.52682,AL,2011-08
70,447.01324,AL,2011-09
71,432.41553,AL,2011-11
72,476.41037,AL,2011-12
73,480.2538,AL,2011-03
74,454.09485,AL,2012-04
75,440.89307,AL,2012-05
76,451.44153,AL,2012-06
77,462.963,AL,2012-07
78,451.26797,AL,2012-08
79,470.82526,AL,2012-09
80,472.74295,AL,2012-10
81,463.4469,AL,2012-01
82,460.04742,AL,2012-03
83,472.38132,AL,2012-04
84,471.2607,AL,2012-05
85,475.03033,AL,2012-06
86,435.3957,AL,2013-07
87,453.56503,AL,2013-08
88,436.8571,AL,2013-09
89,436.00867,AL,2013-11
90,370.03595,AL,2013-01
91,383.29904,AL,2013-03
92,407.11542,AL,2013-04
93,383.84344,AL,2013-05
94,356.71555,AL,2013-06
95,413.7628,AL,2013-07
96,402.2609,AL,2013-08
97,410.48032,AL,2013-09
98,398.31055,AL,2014-10
99,347.94202,AL,2014-11
100,348.2666,AL,2014-01
101,224.08759,AL,2014-03
102,353.7765,AL,2014-04
103,389.79526,AL,2014-05
104,399.867,AL,2014-06
105,391.80545,AL,2014-07
106,387.12454,AL,2014-08
107,395.6106,AL,2014-09
108,392.22565,AL,2014-10
109,394.36282,AL,2014-03
110,376.77603,AL,2015-04
111,347.55542,AL,2015-05
112,351.90253,AL,2015-06
113,334.3666,AL,2015-07
114,339.8509,AL,2015-08
115,373.44254,AL,2015-09
116,396.922,AL,2015-04
117,392.03198,AL,2015-05
118,350.23138,AL,2015-06
119,371.32803,AL,2015-07
120,372.09967,AL,2015-08
121,372.625,AL,2015-09
122,383.7503,,
123,344.06918,,
124,349.6931,,
125,327.9578,,
126,332.82602,,
127,382.32007,,
128,391.18317,,
129,394.68097,,
130,350.1028,,
131,337.7693,,
132,349.38834,,
133,381.17453,,
134,361.71246,,
135,343.39127,,
136,344.55798,,
137,335.04355,,
138,344.86877,,
139,372.51126,,
140,396.0529,,
141,391.29178,,
142,358.16943,,
143,390.00687,,
144,385.54562,,
145,386.2939,,
146,405.7829,,
147,375.49686,,
148,345.90143,,
149,320.37625,,
150,277.76367,,
151,282.40927,,
152,447.81808,,
153,541.8213,,
154,550.68896,,
155,544.61566,,
156,534.6198,,
157,534.7388,,
158,534.9854,,
159,466.7313,,
160,441.32822,,
161,259.42215,,
162,292.14194,,
163,302.57465,,
164,455.0316,,
165,551.91943,,
166,550.14374,,
167,542.7354,,
168,506.7103,,
169,500.58585,,
170,534.9854,,
171,453.3045,,
172,306.86652,,
173,291.7208,,
174,274.50705,,
175,289.65018,,
176,334.4833,,
177,551.00946,,
178,549.52185,,
179,542.7354,,
180,512.06525,,
181,543.65955,,
182,518.78827,,
183,459.89163,,
184,270.84525,,
185,293.78046,,
186,292.3893,,
187,318.715,,
188,285.0379,,
189,515.4601,,
190,549.52185,,
191,548.4591,,
192,543.5405,,
193,499.094,,
194,502.21222,AR,2011-02
195,398.62872,AR,2011-03
196,311.69095,AR,2011-04
197,282.14084,AR,2011-05
198,268.43915,AR,2011-06
199,307.57364,AR,2011-07
200,403.5918,AR,2011-08
201,541.8213,AR,2011-09
202,510.4277,AR,2011-10
203,531.2876,AR,2011-11
204,543.5405,AR,2011-12
205,499.094,AR,2011-01
206,534.9854,AR,2012-02
207,382.98633,AR,2012-03
208,300.98575,AR,2012-04
209,280.48184,AR,2012-05
210,338.09924,AR,2012-06
211,349.20407,AR,2012-07
212,416.15033,AR,2012-08
213,467.01666,AR,2012-09
214,527.71844,AR,2012-10
215,546.0036,AR,2012-11
216,554.9291,AR,2012-12
217,554.9291,AR,2012-01
218,529.89526,AR,2013-02
219,430.93256,AR,2013-03
220,350.52243,AR,2013-04
221,329.88516,AR,2013-05
222,335.78363,AR,2013-06
223,347.83835,AR,2013-07
224,331.39206,AR,2013-08
225,418.4603,AR,2013-09
226,554.9291,AR,2013-10
227,549.2743,AR,2013-11
228,554.9291,AR,2013-12
229,554.9291,AR,2013-01
230,554.2616,AR,2014-02
231,435.6886,AR,2014-03
232,378.73135,AR,2014-04
233,343.18546,AR,2014-05
234,337.6457,AR,2014-06
235,344.12857,AR,2014-07
236,429.8958,AR,2014-08
237,551.5005,AR,2014-09
238,556.6553,AR,2014-10
239,556.6553,AR,2014-11
240,554.9291,AR,2014-12
241,554.9291,AR,2014-01
242,556.6553,AR,2015-02
243,431.01657,AR,2015-03
244,350.00055,AR,2015-04
245,333.28665,AR,2015-05
246,339.4593,AR,2015-06
247,349.20407,AR,2015-07
248,390.21167,AR,2015-08
249,481.4524,AR,2015-09
250,554.9291,AR,2015-10
251,554.3072,AR,2015-11
252,554.3072,AR,2015-12
253,554.9291,AR,2015-01
254,556.6553,,
255,431.3258,,
256,350.7042,,
257,343.18546,,
258,334.73267,,
259,346.94647,,
260,433.9593,,
261,530.5802,,
262,556.6553,,
263,554.9291,,
264,556.6553,,
265,554.9291,,
266,556.6553,,
267,431.3258,,
268,349.25415,,
269,339.76468,,
270,105.67516,,
271,246.30287,,
272,304.89642,,
273,401.9087,,
274,502.30667,,
275,532.58563,,
276,502.47498,,
277,526.67834,,
278,476.91467,,
279,283.55057,,
280,252.09785,,
281,80.33637,,
282,97.561455,,
283,246.83377,,
284,327.75314,,
285,438.4254,,
286,530.4596,,
287,531.36957,,
288,505.09717,,
289,526.67834,,
290,511.6926,,
291,295.6629,,
292,280.10745,,
293,235.34741,,
294,229.926,,
295,113.740456,,
296,284.75943,,
297,318.16177,,
298,530.20483,,
299,532.58563,,
300,500.50778,,
301,499.95612,,
302,439.85602,,
303,289.23956,,
304,269.69095,,
305,106.13616,,
306,103.07835,,
307,237.54959,,
308,282.0473,,
309,387.69778,,
310,465.17245,,
311,527.8202,,
312,493.9851,,
313,501.04803,,
314,450.3682,,
315,289.76337,,
316,263.03305,,
317,86.371735,,
318,238.7816,,
319,239.93762,,
320,289.85193,,
321,412.09726,,
322,258.636,,
323,507.42053,,
324,499.84476,,
325,500.7933,,
326,530.4339,AZ,2011-02
327,274.28912,AZ,2011-03
328,259.08215,AZ,2011-04
329,227.1012,AZ,2011-05
330,9.98737,AZ,2011-06
331,2.7347202,AZ,2011-07
332,7.7596245,AZ,2011-08
333,19.027615,AZ,2011-09
334,2.5726562,AZ,2011-10
335,4.7448716,AZ,2011-11
336,448.3138,AZ,2011-12
337,461.98627,AZ,2011-01
338,485.2735,AZ,2012-02
339,498.3655,AZ,2012-03
340,483.05005,AZ,2012-04
341,463.5967,AZ,2012-05
342,460.97736,AZ,2012-06
343,437.59613,AZ,2012-07
344,475.58218,AZ,2012-08
345,411.511,AZ,2012-09
346,476.8755,AZ,2012-10
347,431.5662,AZ,2012-11
348,442.45566,AZ,2012-12
349,490.5764,AZ,2012-01
350,502.32318,AZ,2013-02
351,497.77722,AZ,2013-03
352,480.84937,AZ,2013-04
353,480.4355,AZ,2013-05
354,503.87668,AZ,2013-06
355,503.37302,AZ,2013-07
356,469.33142,AZ,2013-08
357,432.5041,AZ,2013-09
358,436.31815,AZ,2013-10
359,430.38638,AZ,2013-11
360,440.42792,AZ,2013-12
361,463.50006,AZ,2013-01
362,487.48105,AZ,2014-02
363,483.3116,AZ,2014-03
364,474.57446,AZ,2014-04
365,443.62183,AZ,2014-05
366,494.5028,AZ,2014-06
367,470.93167,AZ,2014-07
368,438.09512,AZ,2014-08
369,473.62766,AZ,2014-09
370,436.62396,AZ,2014-10
371,444.80283,AZ,2014-11
372,440.21686,AZ,
373,462.87442,AZ,2014-01
374,484.8991,AZ,2015-02
375,484.36108,AZ,2015-03
376,483.65314,AZ,2015-04
377,463.05756,AZ,2015-05
378,501.39886,AZ,2015-06
379,478.14902,AZ,2015-07
380,476.0792,AZ,2015-08
381,431.76218,AZ,2015-09
382,434.98898,AZ,2015-10
383,428.0868,AZ,2015-11
384,440.04,AZ,2015-12
385,463.44638,AZ,2015-01
386,484.06314,,
387,497.02866,,
388,515.97675,,
389,525.2145,,
390,461.42807,,
391,476.40686,,
392,457.1727,,
393,433.9127,,
394,434.26593,,
395,428.85892,,
396,101.04619,,
397,101.159706,,
398,174.33038,,
399,128.66714,,
400,180.53522,,
401,210.2364,,
402,216.45822,,
403,215.26566,,
404,190.25003,,
405,124.10928,,
406,122.2634,,
407,112.30468,,
408,109.7127,,
409,122.475655,,
410,188.34724,,
411,172.97606,,
412,218.29175,,
413,215.14572,,
414,211.04791,,
415,215.62625,,
416,147.4512,,
417,142.91829,,
418,128.77165,,
419,112.42274,,
420,82.028885,,
421,132.96103,,
422,105.73598,,
423,123.788666,,
424,191.08685,,
425,216.20126,,
426,203.06848,,
427,216.77539,,
428,131.04893,,
429,115.4094,,
430,84.08304,,
431,76.22499,,
432,81.6954,,
433,104.58195,,
434,107.2297,,
435,227.43306,,
436,87.83876,,
437,208.78714,,
438,163.23369,,
439,203.04793,,
440,117.438354,,
441,110.488205,,
442,110.91916,,
443,85.753,,
444,96.01573,,
445,121.6396,,
446,140.17448,,
447,-2.1364245,,
448,12.943431,,
449,79.21399,,
450,87.60015,,
451,74.24773,,
452,41.153793,,
453,71.47577,,
454,56.530155,,
455,58.560215,,
456,65.56025,,
457,44.461746,,
458,44.649437,CA,2011-02
459,49.216824,CA,2011-03
460,75.55604,CA,2011-04
461,94.303535,CA,2011-05
462,54.848515,CA,2011-06
463,78.39165,CA,2011-07
464,107.819626,CA,2011-08
465,72.985306,CA,2011-09
466,41.048477,CA,2011-10
467,28.83067,CA,2011-11
468,36.680653,CA,2011-12
469,83.738335,CA,2011-01
470,71.10127,CA,2012-02
471,25.360725,CA,2012-03
472,46.525333,CA,2012-04
473,84.61849,CA,2012-05
474,54.257107,CA,2012-06
475,33.44166,CA,2012-07
476,24.949333,CA,2012-08
477,12.637707,CA,2012-09
478,13.461429,CA,2012-10
479,28.155832,CA,2012-11
480,74.5472,CA,2012-12
481,82.46905,CA,2012-01
482,40.152443,CA,2013-02
483,31.945988,CA,2013-03
484,20.661062,CA,2013-04
485,8.830628,CA,2013-05
486,22.340082,CA,2013-06
487,20.401722,CA,2013-07
488,-12.047632,CA,2013-08
489,1.0229028,CA,2013-09
490,26.284464,CA,2013-10
491,103.565285,CA,2013-11
492,93.60359,CA,2013-12
493,37.59369,CA,2013-01
494,22.643414,CA,2014-02
495,25.410816,CA,2014-03
496,13.736512,CA,2014-04
497,10.414667,CA,2014-05
498,42.56567,CA,2014-06
499,34.87848,CA,2014-07
500,20.32836,CA,2014-08
501,8.46846,CA,2014-09
502,83.01731,CA,2014-10
503,50.777336,CA,2014-11
504,136.86029,CA,2014-12
505,260.0914,CA,2014-01
506,343.83884,CA,2015-02
507,497.46362,CA,2015-03
508,495.664,CA,2015-04
509,387.4227,CA,2015-05
510,238.48224,CA,2015-06
511,30.629827,CA,2015-07
512,32.405476,CA,2015-08
513,7.9269204,CA,2015-09
514,-7.1599693,CA,2015-10
515,230.0283,CA,2015-11
516,269.9339,CA,2015-12
517,286.06546,CA,2015-01
518,480.15485,,
519,495.94336,,
520,500.69434,,
521,326.21646,,
522,254.35645,,
523,88.81536,,
524,78.27271,,
525,-1.3032988,,
526,40.095905,,
527,137.49036,,
528,271.42996,,
529,304.9788,,
530,487.33807,,
531,498.09467,,
532,491.41058,,
533,308.5481,,
534,262.9011,,
535,59.537296,,
536,2.7355218,,
537,10.968456,,
538,56.451813,,
539,227.44708,,
540,265.7397,,
541,312.0026,,
542,389.74008,,
543,495.3552,,
544,436.58362,,
545,317.02628,,
546,261.3727,,
547,204.30757,,
548,59.62811,,
549,-1.4770923,,
550,100.77727,,
551,268.80023,,
552,295.05978,,
553,263.38303,,
554,498.07428,,
555,491.41058,,
556,498.09467,,
557,312.79315,,
558,274.07007,,
559,95.57029,,
560,45.436626,,
561,21.704695,,
562,24.743284,,
563,71.279724,,
564,72.07626,,
565,20.11804,,
566,41.94396,,
567,71.11096,,
568,29.517061,,
569,37.89455,,
570,15.435649,,
571,19.995571,,
572,-7.119506,,
573,5.146664,,
574,29.231718,,
575,73.26937,,
576,73.35794,,
577,23.144299,,
578,62.12846,,
579,54.09304,,
580,27.83179,,
581,11.835887,,
582,24.377798,,
583,23.51732,,
584,12.238445,,
585,10.066931,,
586,18.650436,,
587,40.37275,,
588,68.23358,,
589,19.828424,,
590,12.62774,CO,2011-02
591,32.82543,CO,2011-03
592,42.861588,CO,2011-04
593,41.93655,CO,2011-05
594,26.696566,CO,2011-06
595,15.783372,CO,2011-07
596,-6.926916,CO,2011-08
597,4.640606,CO,2011-09
598,18.878853,CO,2011-10
599,54.15003,CO,2011-11
600,62.154877,CO,2011-12
601,22.716352,CO,2011-01
602,8.510907,CO,2012-02
603,10.209765,CO,2012-03
604,29.5495,CO,2012-04
605,13.313536,CO,2012-05
606,15.498147,CO,2012-06
607,11.600021,CO,2012-07
608,2.738749,CO,2012-08
609,-1.3555008,CO,2012-09
610,26.66375,CO,2012-10
611,63.85435,CO,2012-11
612,70.46273,CO,2012-12
613,20.744013,CO,2012-01
614,10.859038,CO,2013-02
615,28.42894,CO,2013-03
616,9.376761,CO,2013-04
617,9.292649,CO,2013-05
618,25.588251,CO,2013-06
619,9.161273,CO,2013-07
620,32.867573,CO,2013-08
621,59.337807,CO,2013-09
622,24.569296,CO,2013-10
623,36.475506,CO,2013-11
624,37.819077,CO,2013-12
625,-7.321309,CO,2013-01
626,24.112001,CO,2014-02
627,16.238256,CO,2014-03
628,11.474737,CO,2014-04
629,4.191879,CO,2014-05
630,3.3058383,CO,2014-06
631,25.00408,CO,2014-07
632,60.467785,CO,2014-08
633,59.528816,CO,2014-09
634,31.54761,CO,2014-10
635,53.9319,CO,2014-11
636,46.122406,CO,2014-12
637,11.399431,CO,2014-01
638,12.232978,CO,2015-02
639,15.717638,CO,2015-03
640,25.172626,CO,2015-04
641,21.960735,CO,2015-05
642,2.382884,CO,2015-06
643,13.675482,CO,2015-07
644,61.020737,CO,2015-08
645,76.32798,CO,2015-09
646,15.03359,CO,2015-10
647,-1.6391563,CO,2015-11
648,25.316679,CO,2015-12
649,11.981863,CO,2015-01
650,18.708466,,
651,15.312059,,
652,7.7331223,,
653,8.959838,,
654,6.3458962,,
655,59.444683,,
656,7.688124,,
657,10.150899,,
658,-2.460699,,
659,1.3756975,,
660,2.9472084,,
661,8.135952,,
662,7.737797,,
663,1.589312,,
664,14.575552,,
665,15.066502,,
666,55.43031,,
667,62.04257,,
668,6.283898,,
669,3.3181548,,
670,0.18262006,,
671,1.281106,,
672,4.6345396,,
673,29.659353,,
674,6.27371,,
675,145.36705,,
676,323.226,,
677,339.04654,,
678,410.98047,,
679,457.63898,,
680,457.71063,,
681,455.50394,,
682,450.3974,,
683,489.615,,
684,431.73013,,
685,286.97394,,
686,109.17393,,
687,188.84843,,
688,305.96033,,
689,328.07785,,
690,437.27588,,
691,480.55875,,
692,461.90732,,
693,480.46082,,
694,458.0518,,
695,468.71277,,
696,325.05615,,
697,326.33612,,
698,280.24518,,
699,295.90952,,
700,166.78786,,
701,362.74048,,
702,330.57254,,
703,456.61993,,
704,464.112,,
705,454.65005,,
706,450.3974,,
707,458.8838,,
708,325.36282,,
709,312.9342,,
710,181.39954,,
711,157.09628,,
712,291.0113,,
713,350.99768,,
714,413.21957,,
715,472.5185,,
716,453.94357,,
717,467.88718,,
718,455.61008,,
719,424.30057,,
720,323.17664,,
721,299.695,,
722,135.43799,CT,2011-02
723,305.5146,CT,2011-03
724,285.89078,CT,2011-04
725,363.8813,CT,2011-05
726,390.94263,CT,2011-06
727,320.59622,CT,2011-07
728,458.86017,FL,2011-08
729,453.51566,FL,2011-09
730,458.13385,FL,2011-10
731,468.71277,FL,2011-11
732,319.22504,FL,2011-12
733,287.6751,FL,2011-01
734,151.37582,FL,2011-02
735,254.56334,FL,2011-03
736,374.47324,FL,2011-04
737,414.62006,FL,2011-05
738,444.0497,FL,2011-06
739,394.39322,FL,2011-07
740,429.11487,FL,2012-08
741,437.20602,FL,2012-09
742,443.83307,FL,2012-10
743,424.60287,FL,2012-11
744,398.29144,FL,2012-12
745,444.32214,FL,2012-01
746,438.16824,FL,2012-02
747,463.86688,FL,2012-03
748,443.25363,FL,2012-04
749,441.32794,FL,2012-05
750,391.03372,FL,2012-06
751,394.5531,FL,2012-07
752,445.0748,FL,2013-08
753,396.11844,FL,2013-09
754,426.84067,FL,2013-10
755,419.03247,FL,2013-11
756,386.2985,FL,2013-12
757,393.24182,FL,2013-01
758,398.59158,FL,2013-02
759,268.09537,FL,2013-03
760,443.9767,FL,2013-04
761,400.45905,FL,2013-05
762,400.16595,FL,2013-06
763,407.31845,FL,2013-07
764,385.07983,FL,2014-08
765,392.92413,FL,2014-09
766,393.07874,FL,2014-10
767,216.12067,FL,2014-11
768,439.4841,FL,2014-12
769,406.8137,FL,2014-01
770,423.23605,FL,2014-02
771,413.54974,FL,2014-03
772,389.74313,FL,2014-04
773,430.03192,FL,2014-05
774,395.7804,FL,2014-06
775,366.93585,FL,2014-07
776,439.46097,FL,2015-08
777,470.40894,FL,2015-09
778,486.36636,FL,2015-10
779,503.6348,FL,2015-11
780,494.92618,FL,2015-12
781,522.7649,FL,2015-01
782,517.2274,FL,2015-02
783,535.0211,FL,2015-03
784,514.73224,FL,2015-04
785,440.84122,FL,2015-05
786,435.1617,FL,2015-06
787,426.89688,FL,2015-07
788,442.08313,,
789,481.09427,,
790,505.4062,,
791,498.10373,,
792,499.4796,,
793,522.11597,,
794,519.7774,,
795,519.1674,,
796,521.60455,,
797,437.9009,,
798,435.92035,,
799,432.84158,,
800,447.5352,,
801,470.99216,,
802,501.51987,,
803,506.96866,,
804,483.7345,,
805,505.17545,,
806,499.25043,,
807,522.0181,,
808,474.63992,,
809,430.65872,,
810,441.9728,,
811,432.99667,,
812,464.22324,,
813,498.67633,,
814,482.57703,,
815,481.00125,,
816,482.69833,,
817,448.88968,,
818,517.90656,,
819,517.0092,,
820,441.96817,,
821,434.45197,,
822,445.2902,,
823,424.67084,,
824,434.79895,,
825,473.2618,,
826,482.57703,,
827,502.94815,,
828,480.20322,,
829,519.528,,
830,527.2977,,
831,528.5184,,
832,522.06024,,
833,455.76987,,
834,476.41806,,
835,425.81665,,
836,5.2765145,,
837,1.8460348,,
838,7.8776217,,
839,-0.84586143,,
840,0.78816056,,
841,3.2020392,,
842,4.1754975,,
843,0.7685301,,
844,-7.1344414,,
845,0.66455567,,
846,0.6995375,,
847,2.2845054,,
848,16.184374,,
849,-0.7097563,,
850,4.114356,,
851,2.040947,,
852,2.0077944,,
853,7.1601973,,
854,5.0713916,,
855,2.0798492,,
856,2.5538902,,
857,1.9976394,,
858,14.250893,,
859,-0.763435,,
860,11.915207,HI,2011-08
861,-0.22012061,HI,2011-09
862,2.1828241,HI,2011-10
863,1.0492883,HI,2011-11
864,1.7988377,HI,2011-12
865,2.0543642,HI,2011-01
866,58.36224,HI,2011-02
867,78.64651,HI,2011-03
868,30.031723,HI,2011-04
869,73.28931,HI,2011-05
870,78.23174,HI,2011-06
871,55.66763,HI,2011-07
872,31.210144,HI,2012-08
873,36.117313,HI,2012-09
874,34.644184,HI,2012-10
875,100.09593,HI,2012-11
876,95.06864,HI,2012-12
877,42.824055,HI,2012-01
878,68.66645,HI,2012-02
879,52.73268,HI,2012-03
880,34.467533,HI,2012-04
881,11.178558,HI,2012-05
882,13.172566,HI,2012-06
883,13.148962,HI,2012-07
884,69.40857,HI,2013-08
885,91.42054,HI,2013-09
886,28.24047,HI,2013-10
887,4.388451,HI,2013-11
888,30.60893,HI,2013-12
889,6.138339,HI,2013-01
890,12.517682,HI,2013-02
891,18.007645,HI,2013-03
892,80.808205,HI,2013-04
893,23.113476,HI,2013-05
894,8.399137,HI,2013-06
895,13.905841,HI,2013-07
896,4.433236,HI,2014-08
897,11.894046,HI,2014-09
898,11.753569,HI,2014-10
899,14.055445,HI,2014-11
900,73.58806,HI,2014-12
901,34.191723,HI,2014-01
902,7.8846974,HI,2014-02
903,6.7619386,HI,2014-03
904,25.56984,HI,2014-04
905,10.320121,HI,2014-05
906,14.271332,HI,2014-06
907,14.593649,HI,2014-07
908,-10.065673,HI,2015-08
909,8.308806,HI,2015-09
910,24.095402,HI,2015-10
911,41.49785,IA,2011-11
912,19.524364,IA,2011-12
913,12.062427,IA,2011-01
914,15.838956,IA,2011-02
915,6.572069,IA,2011-03
916,8.295259,IA,2011-04
917,7.55286,IA,2011-05
918,2.0341458,IA,2011-06
919,1.7605853,IA,2011-07
920,-1.2821226,IA,2011-08
921,9.878198,IA,2011-09
922,39.45593,IA,2012-10
923,50.68815,IA,2012-11
924,33.71409,IA,2012-12
925,13.908686,IA,2012-01
926,15.869933,IA,2012-02
927,13.984021,IA,2012-03
928,9.315495,IA,2012-04
929,9.995233,IA,2012-05
930,7.939688,IA,2012-06
931,-1.9067407,IA,2012-07
932,2.3996542,IA,2013-08
933,3.7289877,IA,2013-09
934,33.535095,IA,2013-10
935,47.571487,IA,2013-11
936,18.05764,IA,2013-12
937,10.165609,IA,2013-01
938,18.964514,IA,2013-02
939,11.503054,IA,2013-03
940,7.0302315,IA,2013-04
941,4.0365963,IA,2013-05
942,2.3974478,IA,2014-06
943,-9.2281885,IA,2014-07
944,-1.4616312,IA,2014-08
945,4.4820676,IA,2014-09
946,30.62372,IA,2014-10
947,40.354733,IA,2014-11
948,18.359138,IA,2014-12
949,16.806269,IA,2014-01
950,14.9265175,IA,2014-02
951,8.732816,IA,2014-03
952,16.147926,IA,2014-04
953,20.598663,IA,2014-05
954,12.6042185,IA,2015-06
955,14.542101,IA,2015-07
956,8.106607,IA,2015-08
957,8.303689,IA,2015-09
958,15.377727,IA,2015-10
959,-0.6712474,IA,2015-11
960,70.79583,IA,2015-12
961,102.49114,IA,2015-01
962,82.9641,IA,2015-02
963,153.50793,IA,2015-03
964,108.11113,IA,2015-04
965,83.96976,,
966,73.77224,,
967,18.36848,,
968,130.67389,,
969,121.841774,,
970,116.78231,,
971,152.5833,,
972,221.59676,,
973,86.98837,,
974,82.050606,,
975,71.51746,,
976,28.962418,,
977,-4.821653,,
978,30.742056,,
979,75.80519,,
980,95.87183,,
981,123.590096,,
982,147.96742,,
983,102.78768,,
984,85.15224,,
985,76.57763,,
986,27.142204,,
987,33.639027,,
988,98.43885,,
989,83.74903,,
990,83.5996,,
991,75.40273,,
992,72.50461,,
993,28.287586,,
994,95.198006,,
995,83.8889,,
996,115.45397,,
997,74.64177,,
998,75.40781,,
999,71.247505,,
1000,-14.335222,,
1001,-16.92473,,
1002,253.55331,,
1003,409.12436,,
1004,509.00476,,
1005,506.73965,,
1006,446.15872,,
1007,456.9266,,
1008,458.18875,,
1009,222.9967,,
1010,463.4753,,
1011,450.10202,,
1012,516.0566,,
1013,516.20886,,
1014,516.8412,,
1015,499.02884,,
1016,403.0905,,
1017,210.98776,,
1018,450.86182,,
1019,472.9303,,
1020,429.69934,,
1021,434.07263,,
1022,436.98907,,
1023,433.57654,,
1024,427.38,,
1025,179.12218,,
1026,434.6836,,
1027,447.82343,,
1028,429.91364,,
1029,434.07263,,
1030,428.0914,,
1031,431.45364,,
1032,439.13388,,
1033,454.67624,ID,2011-01
1034,447.3813,ID,2011-02
1035,428.64008,ID,2011-03
1036,425.89008,ID,2011-04
1037,423.9128,ID,2011-05
1038,423.74612,ID,2011-06
1039,430.75775,ID,2011-07
1040,306.01602,ID,2011-08
1041,143.23935,ID,2011-09
1042,332.50632,ID,2011-10
1043,354.96774,ID,2011-11
1044,358.64316,ID,2011-12
1045,313.15213,ID,2012-01
1046,377.11176,ID,2012-02
1047,401.50287,ID,2012-03
1048,351.47592,ID,2012-04
1049,367.12982,ID,2012-05
1050,313.9444,ID,2012-06
1051,306.95862,ID,2012-07
1052,164.20488,ID,2012-08
1053,187.82207,ID,2012-09
1054,335.18137,ID,2012-10
1055,355.94888,ID,2012-11
1056,360.81015,ID,2012-12
1057,340.39966,ID,2013-01
1058,406.9762,ID,2013-02
1059,415.4843,ID,2013-03
1060,415.45053,ID,2013-04
1061,329.20212,ID,2013-05
1062,312.52325,ID,2013-06
1063,317.93146,ID,2013-07
1064,154.88243,ID,2013-08
1065,177.21466,ID,2013-09
1066,233.1791,ID,2013-10
1067,364.25922,ID,2013-11
1068,316.98758,ID,2013-12
1069,329.58105,ID,2014-01
1070,383.9292,ID,2014-02
1071,349.5549,ID,2014-03
1072,354.88596,ID,2014-04
1073,312.4775,ID,2014-05
1074,193.40105,ID,2014-06
1075,162.43228,ID,2014-07
1076,169.0691,ID,2014-08
1077,243.41072,ID,2014-09
1078,348.21484,ID,2014-10
1079,364.47278,ID,2014-11
1080,319.72498,ID,2014-12
1081,325.11554,ID,2015-01
1082,392.06607,ID,2015-02
1083,385.83194,ID,2015-03
1084,305.87323,ID,2015-04
1085,308.9015,ID,2015-05
1086,193.28003,ID,2015-06
1087,148.1731,ID,2015-07
1088,165.48561,ID,2015-08
1089,173.10535,ID,2015-09
1090,348.03665,ID,2015-10
1091,362.17712,ID,2015-11
1092,312.57404,ID,2015-12
1093,350.97095,,
1094,308.63077,,
1095,345.93222,,
1096,305.8236,,
1097,321.3437,,
1098,307.5828,,
1099,148.9882,,
1100,427.78156,,
1101,434.44034,,
1102,483.55753,,
1103,488.92352,,
1104,465.1719,,
1105,494.56607,,
1106,488.31628,,
1107,487.9579,,
1108,470.99008,,
1109,452.57718,,
1110,442.18497,,
1111,410.24945,,
1112,446.1123,,
1113,478.2864,,
1114,481.8889,,
1115,487.4489,,
1116,489.9501,,
1117,504.7165,,
1118,488.58286,,
1119,476.4034,,
1120,472.01062,,
1121,442.59274,,
1122,438.13983,,
1123,410.682,,
1124,430.1718,,
1125,462.42743,,
1126,486.6897,,
1127,485.0315,,
1128,452.80487,,
1129,471.57172,,
1130,475.37637,,
1131,483.46957,,
1132,477.01562,,
1133,442.7253,,
1134,439.26715,,
1135,407.33362,,
1136,427.19174,,
1137,450.674,,
1138,480.81555,,
1139,483.57944,,
1140,456.44183,,
1141,454.54553,,
1142,468.35724,,
1143,475.16483,,
1144,460.91882,,
1145,439.62006,,
1146,440.31757,,
1147,412.7781,,
1148,411.13452,,
1149,451.99216,,
1150,488.07343,,
1151,482.16742,,
1152,458.40518,,
1153,485.91382,,
1154,490.00732,,
1155,482.3123,,
1156,488.82828,,
1157,438.23944,,
1158,439.452,,
1159,414.68427,,
1160,56.553993,,
1161,273.87018,,
1162,285.68295,,
1163,426.49274,,
1164,508.32196,IL,2011-02
1165,500.6229,IL,2011-03
1166,339.0207,IL,2011-04
1167,322.24005,IL,2011-05
1168,68.04025,IL,2011-06
1169,306.36017,IL,2011-07
1170,418.2429,IL,2011-08
1171,523.2646,IL,2011-09
1172,541.78674,IL,2011-10
1173,552.4054,IL,2011-11
1174,434.18176,IL,2011-12
1175,308.33426,IL,2011-01
1176,269.9973,IL,2012-02
1177,121.20656,IL,2012-03
1178,64.335526,IL,2012-04
1179,60.813015,IL,2012-05
1180,270.68945,IL,2012-06
1181,436.3456,IL,2012-07
1182,411.57388,IL,2012-08
1183,410.46887,IL,2012-09
1184,482.57205,IL,2012-10
1185,507.70154,IL,2012-11
1186,494.8261,IL,2012-12
1187,274.6225,IL,2012-01
1188,122.51259,IL,2013-02
1189,42.24436,IL,2013-03
1190,55.128136,IL,2013-04
1191,58.500793,IL,2013-05
1192,90.884186,IL,2013-06
1193,413.86307,IL,2013-07
1194,412.95975,IL,2013-08
1195,396.11627,IL,2013-09
1196,530.9785,IL,2013-10
1197,482.55783,IL,2013-11
1198,428.50928,IL,2013-12
1199,321.37137,IL,2013-01
1200,143.30794,IL,2014-02
1201,81.11363,IL,2014-03
1202,127.19682,IL,2014-04
1203,129.07149,IL,2014-05
1204,270.55786,IL,2014-06
1205,426.6978,IL,2014-07
1206,397.98337,IL,2014-08
1207,488.72586,IL,2014-09
1208,487.48093,IL,2014-10
1209,522.4306,IL,2014-11
1210,497.38693,IL,2014-12
1211,415.95828,IL,2014-01
1212,118.58693,IL,2015-02
1213,94.81216,IL,2015-03
1214,416.0141,IL,2015-04
1215,468.8978,IL,2015-05
1216,481.0316,IL,2015-06
1217,481.87943,IL,2015-07
1218,446.80356,IL,2015-08
1219,475.4955,IL,2015-09
1220,525.87726,IL,2015-10
1221,493.11014,IL,2015-11
1222,430.80154,IL,2015-01
1223,438.75095,IL,2015-02
1224,430.19476,,
1225,420.1119,,
1226,337.23343,,
1227,471.27438,,
1228,486.62076,,
1229,479.7009,,
1230,470.86844,,
1231,476.44943,,
1232,522.97894,,
1233,432.42316,,
1234,443.68982,,
1235,431.4558,,
1236,327.42468,,
1237,421.4391,,
1238,440.65457,,
1239,357.3728,,
1240,367.25308,,
1241,495.60428,,
1242,454.59253,,
1243,512.3413,,
1244,511.7141,,
1245,467.65042,,
1246,451.32608,,
1247,430.5336,,
1248,431.06653,,
1249,418.9315,,
1250,287.98734,,
1251,469.1395,,
1252,478.32037,,
1253,482.75662,,
1254,477.2876,,
1255,473.19965,,
1256,471.32605,,
1257,452.57455,,
1258,446.61334,,
1259,434.02142,,
1260,428.4852,,
1261,409.7853,,
1262,325.9387,,
1263,458.70804,,
1264,481.1708,,
1265,481.47815,,
1266,476.10355,,
1267,512.6752,,
1268,492.89066,,
1269,469.98187,,
1270,431.79037,,
1271,429.5436,,
1272,427.3645,,
1273,421.37344,,
1274,196.05864,,
1275,204.42583,,
1276,381.5725,,
1277,388.01483,,
1278,205.98817,,
1279,255.52002,,
1280,267.72192,,
1281,216.59065,,
1282,312.25226,,
1283,369.41882,,
1284,416.04443,,
1285,300.66046,,
1286,224.82535,,
1287,34.792725,,
1288,296.4114,,
1289,286.5006,IN,2011-11
1290,305.26086,IN,2011-12
1291,277.30533,IN,2011-01
1292,209.27213,IN,2011-02
1293,124.730896,IN,2011-03
1294,332.74042,IN,2011-04
1295,328.47415,IN,2011-05
1296,289.3921,IN,2011-06
1297,372.41943,IN,
1298,276.4726,IN,
1299,330.47653,IN,2012-09
1300,359.7897,IN,2012-10
1301,300.62543,IN,2012-11
1302,306.984,IN,2012-12
1303,356.0196,IN,2012-01
1304,421.67053,IN,2012-02
1305,427.544,IN,2012-04
1306,163.85158,IN,2012-05
1307,397.3419,IN,
1308,424.64328,IN,2012-07
1309,454.73022,IN,2012-08
1310,452.38168,IN,
1311,455.2355,IN,
1312,469.42673,IN,2013-11
1313,394.3434,IN,2013-01
1314,162.66383,IN,2013-02
1315,111.81655,IN,2013-03
1316,151.75726,IN,2013-04
1317,346.81555,IN,2013-05
1318,416.8862,IN,2013-06
1319,460.89368,IN,2013-07
1320,472.1768,IN,2013-08
1321,478.058,IN,2013-09
1322,493.1189,IN,2014-10
1323,520.36993,IN,2014-11
1324,377.7034,IN,2014-12
1325,146.85965,IN,2014-01
1326,121.668076,IN,2014-02
1327,220.66771,IN,2014-03
1328,413.47205,IN,2014-04
1329,366.34967,IN,2014-05
1330,472.1768,IN,2014-06
1331,471.68356,IN,2014-07
1332,434.42856,IN,2015-08
1333,472.05798,IN,2015-09
1334,298.1846,IN,
1335,114.79325,IN,2015-03
1336,412.52014,IN,2015-04
1337,402.63477,IN,2015-05
1338,355.43713,IN,
1339,489.65698,IN,
1340,381.79056,IN,
1341,371.87088,IN,
1342,338.50018,IN,
1343,336.16928,,
1344,299.0184,,
1345,420.667,,
1346,417.69528,,
1347,393.8814,,
1348,372.6231,,
1349,364.36554,,
1350,6.822572,,
1351,24.98621,,
1352,39.32051,,
1353,-0.94501615,,
1354,52.25243,,
1355,-0.14762907,,
1356,3.1295037,,
1357,1.6436663,,
1358,26.713778,,
1359,25.666298,,
1360,27.3274,,
1361,38.501076,,
1362,25.022934,,
1363,25.110842,,
1364,37.87338,,
1365,-1.2966212,,
1366,-2.062327,,
1367,-4.9523845,,
1368,-2.7615256,,
1369,9.851452,,
1370,21.172995,,
1371,27.80126,,
1372,23.165855,,
1373,26.519573,,
1374,22.844057,,
1375,29.99724,,
1376,30.519342,,
1377,-1.9317634,,
1378,1.011107,,
1379,-2.6821585,,
1380,-8.5966,,
1381,4.667868,,
1382,22.198978,,
1383,42.028095,,
1384,26.265772,,
1385,30.934225,,
1386,26.057665,,
1387,26.621643,,
1388,-1.7304709,,
1389,1.0321418,,
1390,-2.2366123,,
1391,102.28546,,
1392,95.90353,,
1393,108.233345,,
1394,71.153046,,
1395,91.306854,,
1396,139.36462,,
1397,86.35651,,
1398,77.32214,,
1399,69.15949,,
1400,60.15827,,
1401,39.581688,,
1402,41.426395,KS,2011-09
1403,89.09399,KS,2011-03
1404,119.67413,KS,2011-04
1405,124.076256,KS,2011-05
1406,69.25064,KS,
1407,88.65285,KS,
1408,125.65278,KS,
1409,56.830833,KS,
1410,59.278885,KS,2011-10
1411,65.599556,KS,2011-01
1412,68.529,KS,2011-02
1413,29.660637,KS,2011-03
1414,52.987503,KS,2012-04
1415,120.034874,KS,2012-05
1416,71.8573,KS,2012-06
1417,60.32741,KS,2012-07
1418,89.942245,KS,2012-08
1419,56.101124,KS,2012-09
1420,59.78394,KS,2012-10
1421,81.0822,KS,2012-01
1422,69.17279,KS,2012-02
1423,70.38605,KS,2012-03
1424,64.48804,KS,2012-04
1425,96.69634,KS,2012-05
1426,64.27762,KS,2013-06
1427,75.856476,KS,2013-07
1428,59.927227,KS,2013-08
1429,93.47046,KS,2013-09
1430,51.581528,KS,2013-10
1431,44.88436,KS,2013-01
1432,55.44367,KS,2013-02
1433,82.79198,KS,2013-03
1434,112.14995,KS,2013-04
1435,87.926476,KS,2013-05
1436,58.06541,KS,2013-06
1437,71.91324,KS,2013-07
1438,134.27344,KS,2014-08
1439,87.364204,KS,2014-09
1440,67.14143,KS,2014-10
1441,68.32152,KS,2014-11
1442,32.363865,KS,2014-12
1443,348.45392,KS,2014-01
1444,364.09967,KS,2014-02
1445,481.6203,KS,2014-03
1446,485.7331,KS,2014-04
1447,562.31915,KS,2014-05
1448,558.1842,KS,2014-06
1449,550.1544,KS,2014-07
1450,536.4144,KS,2015-08
1451,525.1945,KS,2015-09
1452,436.23474,KS,2015-10
1453,466.82928,KS,2015-11
1454,403.37875,KS,2015-12
1455,450.7009,KS,2015-01
1456,471.43896,KS,2015-02
1457,478.69037,KS,2015-03
1458,560.4031,KS,2015-04
1459,555.04004,KS,2015-05
1460,556.68713,KS,2015-06
1461,544.4307,KS,2015-07
1462,536.4144,,
1463,543.443,,
1464,491.1316,,
1465,471.43176,,
1466,344.45932,,
1467,343.07843,,
1468,361.94916,,
1469,468.65536,,
1470,464.1007,,
1471,555.1078,,
1472,549.1553,,
1473,516.3845,,
1474,536.4144,,
1475,513.5945,,
1476,432.85196,,
1477,351.62653,,
1478,330.7193,,
1479,332.85764,,
1480,365.8026,,
1481,481.70557,,
1482,482.04062,,
1483,536.3142,,
1484,556.122,,
1485,521.64825,,
1486,529.87506,,
1487,529.14777,,
1488,476.89224,,
1489,381.12762,,
1490,342.41577,,
1491,329.52576,,
1492,360.1257,,
1493,483.56238,,
1494,483.32498,,
1495,455.7863,,
1496,536.1269,,
1497,516.3845,,
1498,526.82715,,
1499,552.10864,,
1500,483.7271,,
1501,377.6806,,
1502,343.165,,
1503,215.13863,,
1504,231.15428,,
1505,277.40118,,
1506,441.33847,,
1507,513.19977,,
1508,507.95978,,
1509,508.6229,,
1510,511.4634,,
1511,508.61652,,
1512,414.86145,,
1513,241.89447,,
1514,86.98744,,
1515,201.47165,,
1516,232.3018,,
1517,274.14432,,
1518,513.575,,
1519,514.1097,,
1520,512.7389,,
1521,512.5296,,
1522,500.1206,,
1523,501.45935,,
1524,416.17825,,
1525,395.30084,,
1526,205.70645,,
1527,67.87923,,
1528,232.14383,,
1529,413.52042,,
1530,514.03436,,
1531,514.1097,,
1532,506.18408,,
1533,483.92233,,
1534,508.815,KY,
1535,514.3053,KY,
1536,411.963,KY,
1537,239.913,KY,2011-03
1538,83.33466,KY,2011-04
1539,225.16042,KY,
1540,249.0608,KY,
1541,311.44278,KY,
1542,477.89865,KY,
1543,507.76416,KY,
1544,506.18408,KY,
1545,505.54773,KY,2012-03
1546,507.16077,KY,
1547,509.68213,KY,
1548,472.08682,KY,2012-05
1549,265.42313,KY,2012-01
1550,209.60794,KY,2012-02
1551,209.74518,KY,2013-03
1552,249.85887,KY,2013-04
1553,416.64212,KY,2013-06
1554,424.69363,KY,2013-08
1555,514.1097,KY,2013-09
1556,505.54773,KY,2013-12
1557,505.54773,KY,2013-01
1558,500.1206,KY,2013-03
1559,512.5296,KY,2014-04
1560,338.28268,KY,2014-05
1561,263.063,KY,2014-06
1562,70.980354,KY,2014-08
1563,61.732445,KY,2014-10
1564,103.98219,KY,2014-11
1565,92.52057,KY,2014-12
1566,192.8656,KY,2014-01
1567,84.258484,KY,2015-02
1568,82.000244,KY,2015-03
1569,82.36089,KY,2015-04
1570,13.866784,KY,2015-05
1571,107.94765,KY,2015-06
1572,131.67961,KY,2015-07
1573,122.324066,KY,2015-08
1574,141.79341,KY,2015-11
1575,88.09674,,
1576,82.33063,,
1577,85.227104,,
1578,124.727455,,
1579,91.38803,,
1580,100.93561,,
1581,81.23607,,
1582,88.28159,,
1583,84.64433,,
1584,124.04107,,
1585,127.17819,,
1586,126.33726,,
1587,85.708694,,
1588,90.78891,,
1589,80.94587,,
1590,56.658882,,
1591,128.84091,,
1592,130.55933,,
1593,108.32529,,
1594,87.04683,,
1595,86.12287,,
1596,85.89299,,
1597,48.550495,,
1598,10.155307,,
1599,13.45786,,
1600,33.96773,,
1601,22.39706,,
1602,7.722783,,
1603,19.397366,,
1604,80.40794,,
1605,21.138166,,
1606,39.416294,,
1607,44.091732,,
1608,21.656527,,
1609,5.929527,,
1610,11.10548,,
1611,50.13231,,
1612,34.962784,,
1613,23.068823,,
1614,20.711958,,
1615,19.247849,,
1616,25.643194,,
1617,9.237845,,
1618,65.14281,LA,2011-11
1619,25.990768,LA,2011-12
1620,20.623812,LA,2011-01
1621,17.788939,LA,2011-02
1622,22.534729,LA,2011-03
1623,32.014145,LA,2011-04
1624,11.868695,LA,2011-05
1625,52.03842,LA,2011-06
1626,28.358255,LA,2011-07
1627,20.461908,LA,2011-08
1628,23.136904,LA,2011-09
1629,43.854652,LA,2011-10
1630,15.9238615,LA,2012-11
1631,15.151946,LA,2012-12
1632,381.46194,LA,2012-01
1633,387.74652,LA,2012-02
1634,439.03845,LA,2012-03
1635,470.66916,LA,2012-04
1636,494.56885,LA,2012-05
1637,523.50037,LA,2012-06
1638,529.5324,LA,2012-07
1639,529.3372,LA,2012-08
1640,526.7239,LA,2012-09
1641,401.31262,LA,2012-10
1642,380.38388,LA,2013-11
1643,250.78781,LA,2013-12
1644,377.74915,LA,2013-01
1645,413.1345,LA,2013-02
1646,497.1119,LA,2013-03
1647,497.01395,LA,2013-04
1648,494.75565,LA,2013-05
1649,529.5324,LA,2013-06
1650,506.65814,LA,2013-07
1651,490.58618,LA,2013-08
1652,486.48087,LA,2013-09
1653,499.9298,LA,2013-10
1654,507.94064,LA,2014-11
1655,496.62305,LA,2014-12
1656,502.05386,LA,2014-01
1657,529.68036,LA,2014-02
1658,498.594,LA,2014-03
1659,425.18146,LA,2014-04
1660,480.49503,LA,2014-05
1661,489.29767,LA,2014-06
1662,484.67444,LA,2014-07
1663,484.71677,LA,2014-08
1664,523.91974,LA,2014-09
1665,517.43317,LA,2014-10
1666,503.27966,LA,2015-11
1667,264.22833,LA,2015-12
1668,468.5123,LA,2015-01
1669,432.25607,LA,2015-02
1670,485.75262,LA,2015-03
1671,490.86673,LA,2015-04
1672,486.20786,LA,2015-05
1673,490.58618,LA,2015-06
1674,448.93204,LA,2015-07
1675,91.62405,LA,2015-08
1676,225.6948,LA,2015-09
1677,244.78769,LA,2015-10
1678,377.62827,,
1679,511.95126,,
1680,521.0064,,
1681,477.56305,,
1682,247.20833,,
1683,91.26007,,
1684,17.23573,,
1685,113.16427,,
1686,246.63539,,
1687,304.57745,,
1688,361.6796,,
1689,521.49146,,
1690,521.49146,,
1691,427.07397,,
1692,241.42093,,
1693,9.833215,,
1694,7.730709,,
1695,236.06874,,
1696,274.49496,,
1697,337.93665,,
1698,505.5836,,
1699,521.49146,,
1700,509.10376,,
1701,332.5687,,
1702,246.10284,,
1703,115.500656,,
1704,243.34714,,
1705,376.26184,,
1706,415.02344,,
1707,517.2948,,
1708,514.44727,,
1709,440.02316,,
1710,244.43857,,
1711,284.77295,,
1712,294.52844,,
1713,517.2948,,
1714,521.49146,,
1715,521.49146,,
1716,402.42044,,
1717,268.5516,,
1718,98.18423,,
1719,20.26716,,
1720,39.02456,,
1721,57.182068,,
1722,71.18908,,
1723,43.16934,,
1724,28.323542,,
1725,65.30862,,
1726,24.297386,,
1727,33.958233,,
1728,18.590305,,
1729,13.073316,,
1730,7.931342,,
1731,44.9786,,
1732,61.93169,,
1733,68.26318,,
1734,104.970665,,
1735,39.49618,,
1736,59.53164,,
1737,58.35177,,
1738,22.881968,,
1739,35.361553,,
1740,39.485867,,
1741,35.018986,,
1742,11.229848,,
1743,21.490168,,
1744,1.8433446,,
1745,24.230583,,
1746,6.6711764,,
1747,10.438497,,
1748,21.308018,,
1749,34.145866,,
1750,7.7942233,MA,2011-11
1751,60.40521,MA,2011-12
1752,67.46697,MA,2011-01
1753,32.495865,MA,2011-02
1754,8.565333,MA,2011-03
1755,6.3446703,MA,2011-04
1756,11.209939,MA,2012-05
1757,15.11547,MA,2012-06
1758,20.389755,MA,2012-07
1759,81.029816,MA,2012-08
1760,36.613304,MA,2012-09
1761,5.945538,MA,2012-10
1762,27.601007,MA,2013-11
1763,10.7937565,MA,2013-12
1764,28.42751,MA,2013-01
1765,15.778972,MA,2013-02
1766,27.774023,MA,2013-03
1767,7.362696,MA,2013-04
1768,2.5864058,MA,2014-05
1769,21.259714,MA,2014-06
1770,1.3082887,MA,2014-07
1771,1.018868,MA,2014-08
1772,7.725781,MA,2014-09
1773,9.352379,MA,2014-10
1774,2.792687,MA,2015-11
1775,15.184426,MA,2015-12
1776,2.640881,MA,2015-01
1777,3.6765819,MA,2015-02
1778,9.009387,MA,2015-03
1779,9.214678,MA,2015-04
1780,1.1282893,,
1781,-4.306891,,
1782,1.9855859,,
1783,6.170732,,
1784,16.540743,,
1785,11.013976,,
1786,3.1471953,,
1787,0.9268549,,
1788,5.4892526,,
1789,17.025711,,
1790,3.5823808,,
1791,24.069372,,
1792,2.068324,,
1793,3.2370548,,
1794,3.512473,,
1795,7.717819,,
1796,2.3879511,,
1797,316.6931,,
1798,358.1206,,
1799,362.828,,
1800,363.28345,,
1801,360.45258,,
1802,349.63058,,
1803,346.14746,,
1804,349.32437,,
1805,331.83594,,
1806,312.68655,,
1807,314.18475,,
1808,312.1794,,
1809,319.31747,,
1810,354.60892,,
1811,363.9292,,
1812,359.86728,,
1813,310.1077,,
1814,349.71463,,
1815,345.66824,,
1816,328.2073,MD,2011-05
1817,307.39362,MD,2011-06
1818,306.4202,MD,2011-07
1819,325.28796,MD,2011-08
1820,312.57632,MD,2011-09
1821,324.96082,MD,2011-10
1822,353.86554,MD,2011-11
1823,362.55478,MD,2011-12
1824,355.833,MD,2011-01
1825,320.85895,MD,2012-02
1826,316.3091,MD,2012-03
1827,312.45908,MD,2012-04
1828,328.80664,MD,2012-05
1829,299.15396,MD,2012-06
1830,327.42218,MD,2012-07
1831,313.8908,MD,2012-08
1832,309.34827,MD,2012-09
1833,307.34537,MD,2012-10
1834,358.0379,MD,2013-11
1835,360.7062,MD,2013-12
1836,359.9129,MD,2013-01
1837,350.58456,MD,2013-02
1838,340.54956,MD,2013-03
1839,346.3774,MD,2013-04
1840,340.20764,MD,2013-05
1841,335.6332,MD,2013-06
1842,305.9216,MD,2014-07
1843,312.21628,MD,2014-08
1844,309.4106,MD,2014-09
1845,303.672,MD,2014-10
1846,338.5563,MD,2014-11
1847,361.9905,MD,2014-12
1848,363.8784,MD,2014-01
1849,349.02716,MD,2014-02
1850,344.91647,MD,2015-03
1851,348.33652,MD,2015-04
1852,345.03983,MD,2015-05
1853,302.59927,MD,2015-06
1854,305.25095,MD,2015-07
1855,313.31815,MD,2015-08
1856,309.92856,MD,2015-09
1857,321.23013,MD,2015-10
1858,307.0668,,
1859,407.29422,,
1860,438.84534,,
1861,447.09464,,
1862,447.1593,,
1863,519.9636,,
1864,334.46515,,
1865,376.8137,,
1866,488.3988,,
1867,484.4889,,
1868,512.9271,,
1869,460.1958,,
1870,350.373,,
1871,159.1046,,
1872,121.87611,,
1873,386.32678,,
1874,309.85718,,
1875,340.94577,,
1876,419.74042,,
1877,377.03534,,
1878,492.1091,,
1879,300.09714,,
1880,122.73076,,
1881,333.20956,,
1882,312.8202,,
1883,309.53113,,
1884,444.41293,,
1885,309.5788,,
1886,374.9855,,
1887,328.51886,,
1888,372.96585,,
1889,304.80234,,
1890,298.77896,,
1891,406.48108,,
1892,392.06384,,
1893,384.43164,,
1894,371.03876,,
1895,216.46008,,
1896,387.3699,,
1897,345.3476,,
1898,379.07495,,
1899,380.28394,,
1900,394.79184,,
1901,368.2737,,
1902,337.79428,,
1903,331.40134,,
1904,222.55785,,
1905,221.43666,,
1906,357.88568,ME,2011-11
1907,380.87347,ME,2011-12
1908,390.11087,ME,2011-01
1909,374.2589,ME,2011-02
1910,404.98093,ME,2011-03
1911,380.6677,ME,2011-04
1912,384.65198,ME,2011-05
1913,367.4226,ME,2011-06
1914,338.5975,ME,2011-07
1915,334.2474,ME,2011-08
1916,318.3978,ME,2011-09
1917,325.03497,ME,2011-10
1918,248.77058,ME,2012-11
1919,373.307,ME,2012-12
1920,387.2032,ME,2012-01
1921,341.13657,ME,2012-02
1922,382.26205,ME,2012-03
1923,361.26352,ME,2012-04
1924,386.01514,ME,2012-05
1925,364.90906,ME,2012-06
1926,353.7313,ME,2012-07
1927,327.50134,ME,2012-08
1928,226.57895,ME,2012-09
1929,197.49333,ME,2012-10
1930,364.88004,ME,2013-11
1931,375.70135,ME,2013-12
1932,376.30945,ME,2013-01
1933,343.02408,ME,2013-02
1934,334.86038,ME,2013-03
1935,342.64627,ME,2013-04
1936,372.74075,ME,2013-05
1937,340.04303,ME,2013-06
1938,335.5917,ME,2013-07
1939,324.7974,ME,2013-08
1940,191.78569,ME,2013-09
1941,209.20502,ME,2013-10
1942,231.77135,ME,2014-11
1943,377.34595,ME,2014-12
1944,371.5161,ME,2014-01
1945,345.1022,ME,2014-02
1946,376.284,ME,2014-03
1947,377.5377,ME,2014-04
1948,374.25098,ME,2014-05
1949,368.87186,ME,2014-06
1950,338.87543,ME,2014-07
1951,326.76443,ME,2015-08
1952,226.68088,ME,2015-09
1953,364.24344,ME,2015-10
1954,454.22095,ME,2015-11
1955,553.4263,ME,2015-12
1956,554.3316,ME,2015-01
1957,552.5952,,
1958,544.96936,,
1959,548.60803,,
1960,548.60803,,
1961,550.693,,
1962,551.5552,,
1963,481.66232,,
1964,336.29343,,
1965,432.45294,,
1966,457.07352,,
1967,486.3478,,
1968,553.0665,,
1969,544.2492,,
1970,549.7078,,
1971,541.49817,,
1972,550.693,,
1973,546.51575,,
1974,554.3316,,
1975,476.54742,,
1976,377.83887,,
1977,457.56024,,
1978,473.35107,,
1979,529.92645,,
1980,541.49457,,
1981,542.4207,,
1982,525.98083,,
1983,536.5331,,
1984,550.693,,
1985,538.91876,,
1986,541.5652,,
1987,452.67917,,
1988,462.45993,MI,2011-09
1989,461.6328,MI,2011-10
1990,454.33243,MI,2011-11
1991,542.8752,MI,2011-12
1992,553.0665,MI,2011-01
1993,541.7837,MI,2011-02
1994,542.0342,MI,2011-03
1995,525.98083,MI,2011-04
1996,550.693,MI,2011-05
1997,542.7573,MI,2012-06
1998,543.9447,MI,2012-07
1999,358.1785,MI,2012-08
2000,349.46417,MI,2012-09
2001,349.87576,MI,2012-10
2002,368.17035,MI,2012-11
2003,411.54208,MI,2012-12
2004,407.71262,MI,2012-01
2005,488.94214,MI,2012-02
2006,541.2183,MI,2013-03
2007,550.693,MI,2013-04
2008,550.693,MI,2013-05
2009,550.693,MI,2013-06
2010,510.0679,MI,2013-07
2011,389.28137,MI,2013-08
2012,350.67715,MI,2013-09
2013,42.334408,MI,2013-10
2014,300.67053,MI,2013-11
2015,349.24094,MI,2013-12
2016,472.76367,MI,2014-01
2017,452.9133,MI,2014-02
2018,480.2241,MI,2014-03
2019,420.83023,MI,2014-04
2020,281.95895,MI,2014-05
2021,2.9586005,MI,2014-06
2022,-2.619616,MI,2014-07
2023,414.7413,MI,2015-08
2024,405.6271,MI,2015-09
2025,494.99112,MI,2015-10
2026,485.2395,MI,2015-11
2027,493.44278,MI,2015-12
2028,371.17352,MI,2015-01
2029,270.1597,MI,2015-02
2030,20.027506,MI,2015-03
2031,408.26685,,
2032,393.86957,,
2033,488.94705,,
2034,493.44278,,
2035,408.08047,,
2036,274.9483,,
2037,-8.921622,,
2038,263.79428,,
2039,368.3136,,
2040,449.99805,,
2041,482.78928,,
2042,372.85727,,
2043,255.77354,,
2044,242.08687,,
2045,237.64426,,
2046,483.70447,,
2047,480.9851,,
2048,476.45157,,
2049,261.25458,,
2050,264.61835,,
2051,137.46474,,
2052,232.593,,
2053,190.93373,,
2054,224.69533,,
2055,250.86365,,
2056,224.74518,,
2057,183.5622,,
2058,184.24934,,
2059,191.80751,,
2060,231.2224,,
2061,6.699155,,
2062,331.44214,,
2063,391.684,,
2064,413.8703,,
2065,439.865,,
2066,519.29596,,
2067,398.01694,,
2068,265.20312,,
2069,-5.0823464,,
2070,308.9883,,
2071,310.4802,,
2072,274.91016,,
2073,498.52695,,
2074,519.781,,
2075,314.46698,,
2076,267.81494,MN,2011-01
2077,11.862,MN,
2078,156.91191,MN,2011-03
2079,325.48895,MN,
2080,290.49628,MN,2011-05
2081,328.2612,MN,2011-06
2082,519.8841,MN,
2083,482.73956,MN,2011-08
2084,353.45926,MN,2012-09
2085,231.5769,MN,2012-10
2086,58.403282,MN,2012-11
2087,306.1685,MN,
2088,329.41788,MN,2012-01
2089,407.91403,MN,2012-02
2090,501.91592,MN,
2091,513.9513,MN,
2092,333.07837,MN,
2093,264.9954,MN,2013-06
2094,335.00012,MN,
2095,350.2714,MN,2013-08
2096,520.2785,MN,2013-09
2097,520.20465,MN,2013-10
2098,514.5753,MN,
2099,282.28873,MN,2013-12
2100,229.78262,MN,2014-01
2101,65.327225,MN,
2102,125.8866,MN,
2103,84.53271,MN,2014-04
2104,61.72308,MN,2014-05
2105,238.41302,MN,
2106,238.68613,MN,
2107,237.92986,MN,
2108,253.8322,MN,
2109,149.18677,MN,
2110,145.89062,MN,
2111,205.51498,MN,
2112,293.95245,MN,
2113,291.50824,MN,2015-02
2114,238.14125,MN,2015-03
2115,255.78278,,
2116,259.05264,,
2117,123.083496,,
2118,238.41302,,
2119,238.60364,,
2120,245.57623,,
2121,241.05197,,
2122,286.41016,,
2123,125.2192,,
2124,151.47118,,
2125,8.609783,,
2126,71.43401,,
2127,211.34598,,
2128,367.67993,,
2129,508.29874,,
2130,412.6273,,
2131,419.85477,,
2132,232.2792,,
2133,41.54945,,
2134,292.7478,,
2135,270.6621,,
2136,400.5329,,
2137,509.75394,,
2138,495.87863,,
2139,515.1345,,
2140,423.5634,,
2141,249.8864,,
2142,205.59041,,
2143,170.81056,,
2144,209.88554,,
2145,270.03088,,
2146,440.40463,,
2147,394.53702,,
2148,418.93033,,
2149,230.99742,,
2150,416.91214,,
2151,382.39374,,
2152,473.2622,,
2153,409.50552,,
2154,411.52054,,
2155,201.04625,,
2156,426.41385,,
2157,417.14236,,
2158,414.40298,MO,2011-01
2159,512.5353,MO,2011-02
