ID,STATE,month,total_fire_size
0,AK,2011-01,0
1,AK,2011-02,0
2,AK,2011-03,0
3,AK,2011-04,0
4,AK,2011-05,0
5,AK,2011-06,0
6,AK,2011-07,0
7,AK,2011-08,0
8,AK,2011-09,0
9,AK,2011-10,0
10,AK,2011-11,0
11,AK,2011-12,0
12,AK,2012-01,0
13,AK,2012-02,0
14,AK,2012-03,0
15,AK,2012-04,0
16,AK,2012-05,0
17,AK,2012-06,0
18,AK,2012-07,0
19,AK,2012-08,0
20,AK,2012-09,0
21,AK,2012-10,0
22,AK,2012-11,0
23,AK,2012-12,0
24,AK,2013-01,0
25,AK,2013-02,0
26,AK,2013-03,0
27,AK,2013-04,0
28,AK,2013-05,0
29,AK,2013-06,0
30,AK,2013-07,0
31,AK,2013-08,0
32,AK,2013-09,0
33,AK,2013-10,0
34,AK,2013-11,0
35,AK,2013-12,0
36,AK,2014-01,0
37,AK,2014-02,0
38,AK,2014-03,0
39,AK,2014-04,0
40,AK,2014-05,0
41,AK,2014-06,0
42,AK,2014-07,0
43,AK,2014-08,0
44,AK,2014-09,0
45,AK,2014-10,0
46,AK,2014-11,0
47,AK,2014-12,0
48,AK,2015-01,0
49,AK,2015-02,0
50,AK,2015-03,0
51,AK,2015-04,0
52,AK,2015-05,0
53,AK,2015-06,0
54,AK,2015-07,0
55,AK,2015-08,0
56,AK,2015-09,0
57,AK,2015-10,0
58,AK,2015-11,0
59,AK,2015-12,0
60,AL,2011-01,0
61,AL,2011-02,0
62,AL,2011-03,0
63,AL,2011-04,0
64,AL,2011-05,0
65,AL,2011-06,0
66,AL,2011-07,0
67,AL,2011-08,0
68,AL,2011-09,0
69,AL,2011-10,0
70,AL,2011-11,0
71,AL,2011-12,0
72,AL,2012-01,0
73,AL,2012-02,0
74,AL,2012-03,0
75,AL,2012-04,0
76,AL,2012-05,0
77,AL,2012-06,0
78,AL,2012-07,0
79,AL,2012-08,0
80,AL,2012-09,0
81,AL,2012-10,0
82,AL,2012-11,0
83,AL,2012-12,0
84,AL,2013-01,0
85,AL,2013-02,0
86,AL,2013-03,0
87,AL,2013-04,0
88,AL,2013-05,0
89,AL,2013-06,0
90,AL,2013-07,0
91,AL,2013-08,0
92,AL,2013-09,0
93,AL,2013-10,0
94,AL,2013-11,0
95,AL,2013-12,0
96,AL,2014-01,0
97,AL,2014-02,0
98,AL,2014-03,0
99,AL,2014-04,0
100,AL,2014-05,0
101,AL,2014-06,0
102,AL,2014-07,0
103,AL,2014-08,0
104,AL,2014-09,0
105,AL,2014-10,0
106,AL,2014-11,0
107,AL,2014-12,0
108,AL,2015-01,0
109,AL,2015-02,0
110,AL,2015-03,0
111,AL,2015-04,0
112,AL,2015-05,0
113,AL,2015-06,0
114,AL,2015-07,0
115,AL,2015-08,0
116,AL,2015-09,0
117,AL,2015-10,0
118,AL,2015-11,0
119,AL,2015-12,0
120,AR,2011-01,0
121,AR,2011-02,0
122,AR,2011-03,0
123,AR,2011-04,0
124,AR,2011-05,0
125,AR,2011-06,0
126,AR,2011-07,0
127,AR,2011-08,0
128,AR,2011-09,0
129,AR,2011-10,0
130,AR,2011-11,0
131,AR,2011-12,0
132,AR,2012-01,0
133,AR,2012-02,0
134,AR,2012-03,0
135,AR,2012-04,0
136,AR,2012-05,0
137,AR,2012-06,0
138,AR,2012-07,0
139,AR,2012-08,0
140,AR,2012-09,0
141,AR,2012-10,0
142,AR,2012-11,0
143,AR,2012-12,0
144,AR,2013-01,0
145,AR,2013-02,0
146,AR,2013-03,0
147,AR,2013-04,0
148,AR,2013-05,0
149,AR,2013-06,0
150,AR,2013-07,0
151,AR,2013-08,0
152,AR,2013-09,0
153,AR,2013-10,0
154,AR,2013-11,0
155,AR,2013-12,0
156,AR,2014-01,0
157,AR,2014-02,0
158,AR,2014-03,0
159,AR,2014-04,0
160,AR,2014-05,0
161,AR,2014-06,0
162,AR,2014-07,0
163,AR,2014-08,0
164,AR,2014-09,0
165,AR,2014-10,0
166,AR,2014-11,0
167,AR,2014-12,0
168,AR,2015-01,0
169,AR,2015-02,0
170,AR,2015-03,0
171,AR,2015-04,0
172,AR,2015-05,0
173,AR,2015-06,0
174,AR,2015-07,0
175,AR,2015-08,0
176,AR,2015-09,0
177,AR,2015-10,0
178,AR,2015-11,0
179,AR,2015-12,0
180,AZ,2011-01,0
181,AZ,2011-02,0
182,AZ,2011-03,0
183,AZ,2011-04,0
184,AZ,2011-05,0
185,AZ,2011-06,0
186,AZ,2011-07,0
187,AZ,2011-08,0
188,AZ,2011-09,0
189,AZ,2011-10,0
190,AZ,2011-11,0
191,AZ,2011-12,0
192,AZ,2012-01,0
193,AZ,2012-02,0
194,AZ,2012-03,0
195,AZ,2012-04,0
196,AZ,2012-05,0
197,AZ,2012-06,0
198,AZ,2012-07,0
199,AZ,2012-08,0
200,AZ,2012-09,0
201,AZ,2012-10,0
202,AZ,2012-11,0
203,AZ,2012-12,0
204,AZ,2013-01,0
205,AZ,2013-02,0
206,AZ,2013-03,0
207,AZ,2013-04,0
208,AZ,2013-05,0
209,AZ,2013-06,0
210,AZ,2013-07,0
211,AZ,2013-08,0
212,AZ,2013-09,0
213,AZ,2013-10,0
214,AZ,2013-11,0
215,AZ,2013-12,0
216,AZ,2014-01,0
217,AZ,2014-02,0
218,AZ,2014-03,0
219,AZ,2014-04,0
220,AZ,2014-05,0
221,AZ,2014-06,0
222,AZ,2014-07,0
223,AZ,2014-08,0
224,AZ,2014-09,0
225,AZ,2014-10,0
226,AZ,2014-11,0
227,AZ,2014-12,0
228,AZ,2015-01,0
229,AZ,2015-02,0
230,AZ,2015-03,0
231,AZ,2015-04,0
232,AZ,2015-05,0
233,AZ,2015-06,0
234,AZ,2015-07,0
235,AZ,2015-08,0
236,AZ,2015-09,0
237,AZ,2015-10,0
238,AZ,2015-11,0
239,AZ,2015-12,0
240,CA,2011-01,0
241,CA,2011-02,0
242,CA,2011-03,0
243,CA,2011-04,0
244,CA,2011-05,0
245,CA,2011-06,0
246,CA,2011-07,0
247,CA,2011-08,0
248,CA,2011-09,0
249,CA,2011-10,0
250,CA,2011-11,0
251,CA,2011-12,0
252,CA,2012-01,0
253,CA,2012-02,0
254,CA,2012-03,0
255,CA,2012-04,0
256,CA,2012-05,0
257,CA,2012-06,0
258,CA,2012-07,0
259,CA,2012-08,0
260,CA,2012-09,0
261,CA,2012-10,0
262,CA,2012-11,0
263,CA,2012-12,0
264,CA,2013-01,0
265,CA,2013-02,0
266,CA,2013-03,0
267,CA,2013-04,0
268,CA,2013-05,0
269,CA,2013-06,0
270,CA,2013-07,0
271,CA,2013-08,0
272,CA,2013-09,0
273,CA,2013-10,0
274,CA,2013-11,0
275,CA,2013-12,0
276,CA,2014-01,0
277,CA,2014-02,0
278,CA,2014-03,0
279,CA,2014-04,0
280,CA,2014-05,0
281,CA,2014-06,0
282,CA,2014-07,0
283,CA,2014-08,0
284,CA,2014-09,0
285,CA,2014-10,0
286,CA,2014-11,0
287,CA,2014-12,0
288,CA,2015-01,0
289,CA,2015-02,0
290,CA,2015-03,0
291,CA,2015-04,0
292,CA,2015-05,0
293,CA,2015-06,0
294,CA,2015-07,0
295,CA,2015-08,0
296,CA,2015-09,0
297,CA,2015-10,0
298,CA,2015-11,0
299,CA,2015-12,0
300,CO,2011-01,0
301,CO,2011-02,0
302,CO,2011-03,0
303,CO,2011-04,0
304,CO,2011-05,0
305,CO,2011-06,0
306,CO,2011-07,0
307,CO,2011-08,0
308,CO,2011-09,0
309,CO,2011-10,0
310,CO,2011-11,0
311,CO,2011-12,0
312,CO,2012-01,0
313,CO,2012-02,0
314,CO,2012-03,0
315,CO,2012-04,0
316,CO,2012-05,0
317,CO,2012-06,0
318,CO,2012-07,0
319,CO,2012-08,0
320,CO,2012-09,0
321,CO,2012-10,0
322,CO,2012-11,0
323,CO,2012-12,0
324,CO,2013-01,0
325,CO,2013-02,0
326,CO,2013-03,0
327,CO,2013-04,0
328,CO,2013-05,0
329,CO,2013-06,0
330,CO,2013-07,0
331,CO,2013-08,0
332,CO,2013-09,0
333,CO,2013-10,0
334,CO,2013-11,0
335,CO,2013-12,0
336,CO,2014-01,0
337,CO,2014-02,0
338,CO,2014-03,0
339,CO,2014-04,0
340,CO,2014-05,0
341,CO,2014-06,0
342,CO,2014-07,0
343,CO,2014-08,0
344,CO,2014-09,0
345,CO,2014-10,0
346,CO,2014-11,0
347,CO,2014-12,0
348,CO,2015-01,0
349,CO,2015-02,0
350,CO,2015-03,0
351,CO,2015-04,0
352,CO,2015-05,0
353,CO,2015-06,0
354,CO,2015-07,0
355,CO,2015-08,0
356,CO,2015-09,0
357,CO,2015-10,0
358,CO,2015-11,0
359,CO,2015-12,0
360,CT,2011-01,0
361,CT,2011-02,0
362,CT,2011-03,0
363,CT,2011-04,0
364,CT,2011-05,0
365,CT,2011-06,0
366,CT,2011-07,0
367,CT,2011-08,0
368,CT,2011-09,0
369,CT,2011-10,0
370,CT,2011-11,0
371,CT,2011-12,0
372,CT,2012-01,0
373,CT,2012-02,0
374,CT,2012-03,0
375,CT,2012-04,0
376,CT,2012-05,0
377,CT,2012-06,0
378,CT,2012-07,0
379,CT,2012-08,0
380,CT,2012-09,0
381,CT,2012-10,0
382,CT,2012-11,0
383,CT,2012-12,0
384,CT,2013-01,0
385,CT,2013-02,0
386,CT,2013-03,0
387,CT,2013-04,0
388,CT,2013-05,0
389,CT,2013-06,0
390,CT,2013-07,0
391,CT,2013-08,0
392,CT,2013-09,0
393,CT,2013-10,0
394,CT,2013-11,0
395,CT,2013-12,0
396,CT,2014-01,0
397,CT,2014-02,0
398,CT,2014-03,0
399,CT,2014-04,0
400,CT,2014-05,0
401,CT,2014-06,0
402,CT,2014-07,0
403,CT,2014-08,0
404,CT,2014-09,0
405,CT,2014-10,0
406,CT,2014-11,0
407,CT,2014-12,0
408,CT,2015-01,0
409,CT,2015-02,0
410,CT,2015-03,0
411,CT,2015-04,0
412,CT,2015-05,0
413,CT,2015-06,0
414,CT,2015-07,0
415,CT,2015-08,0
416,CT,2015-09,0
417,CT,2015-10,0
418,CT,2015-11,0
419,CT,2015-12,0
420,DE,2011-01,0
421,DE,2011-02,0
422,DE,2011-03,0
423,DE,2011-04,0
424,DE,2011-05,0
425,DE,2011-06,0
426,DE,2011-07,0
427,DE,2011-08,0
428,DE,2011-09,0
429,DE,2011-10,0
430,DE,2011-11,0
431,DE,2011-12,0
432,DE,2012-01,0
433,DE,2012-02,0
434,DE,2012-03,0
435,DE,2012-04,0
436,DE,2012-05,0
437,DE,2012-06,0
438,DE,2012-07,0
439,DE,2012-08,0
440,DE,2012-09,0
441,DE,2012-10,0
442,DE,2012-11,0
443,DE,2012-12,0
444,DE,2013-01,0
445,DE,2013-02,0
446,DE,2013-03,0
447,DE,2013-04,0
448,DE,2013-05,0
449,DE,2013-06,0
450,DE,2013-07,0
451,DE,2013-08,0
452,DE,2013-09,0
453,DE,2013-10,0
454,DE,2013-11,0
455,DE,2013-12,0
456,DE,2014-01,0
457,DE,2014-02,0
458,DE,2014-03,0
459,DE,2014-04,0
460,DE,2014-05,0
461,DE,2014-06,0
462,DE,2014-07,0
463,DE,2014-08,0
464,DE,2014-09,0
465,DE,2014-10,0
466,DE,2014-11,0
467,DE,2014-12,0
468,DE,2015-01,0
469,DE,2015-02,0
470,DE,2015-03,0
471,DE,2015-04,0
472,DE,2015-05,0
473,DE,2015-06,0
474,DE,2015-07,0
475,DE,2015-08,0
476,DE,2015-09,0
477,DE,2015-10,0
478,DE,2015-11,0
479,DE,2015-12,0
480,FL,2011-01,0
481,FL,2011-02,0
482,FL,2011-03,0
483,FL,2011-04,0
484,FL,2011-05,0
485,FL,2011-06,0
486,FL,2011-07,0
487,FL,2011-08,0
488,FL,2011-09,0
489,FL,2011-10,0
490,FL,2011-11,0
491,FL,2011-12,0
492,FL,2012-01,0
493,FL,2012-02,0
494,FL,2012-03,0
495,FL,2012-04,0
496,FL,2012-05,0
497,FL,2012-06,0
498,FL,2012-07,0
499,FL,2012-08,0
500,FL,2012-09,0
501,FL,2012-10,0
502,FL,2012-11,0
503,FL,2012-12,0
504,FL,2013-01,0
505,FL,2013-02,0
506,FL,2013-03,0
507,FL,2013-04,0
508,FL,2013-05,0
509,FL,2013-06,0
510,FL,2013-07,0
511,FL,2013-08,0
512,FL,2013-09,0
513,FL,2013-10,0
514,FL,2013-11,0
515,FL,2013-12,0
516,FL,2014-01,0
517,FL,2014-02,0
518,FL,2014-03,0
519,FL,2014-04,0
520,FL,2014-05,0
521,FL,2014-06,0
522,FL,2014-07,0
523,FL,2014-08,0
524,FL,2014-09,0
525,FL,2014-10,0
526,FL,2014-11,0
527,FL,2014-12,0
528,FL,2015-01,0
529,FL,2015-02,0
530,FL,2015-03,0
531,FL,2015-04,0
532,FL,2015-05,0
533,FL,2015-06,0
534,FL,2015-07,0
535,FL,2015-08,0
536,FL,2015-09,0
537,FL,2015-10,0
538,FL,2015-11,0
539,FL,2015-12,0
540,GA,2011-01,0
541,GA,2011-02,0
542,GA,2011-03,0
543,GA,2011-04,0
544,GA,2011-05,0
545,GA,2011-06,0
546,GA,2011-07,0
547,GA,2011-08,0
548,GA,2011-09,0
549,GA,2011-10,0
550,GA,2011-11,0
551,GA,2011-12,0
552,GA,2012-01,0
553,GA,2012-02,0
554,GA,2012-03,0
555,GA,2012-04,0
556,GA,2012-05,0
557,GA,2012-06,0
558,GA,2012-07,0
559,GA,2012-08,0
560,GA,2012-09,0
561,GA,2012-10,0
562,GA,2012-11,0
563,GA,2012-12,0
564,GA,2013-01,0
565,GA,2013-02,0
566,GA,2013-03,0
567,GA,2013-04,0
568,GA,2013-05,0
569,GA,2013-06,0
570,GA,2013-07,0
571,GA,2013-08,0
572,GA,2013-09,0
573,GA,2013-10,0
574,GA,2013-11,0
575,GA,2013-12,0
576,GA,2014-01,0
577,GA,2014-02,0
578,GA,2014-03,0
579,GA,2014-04,0
580,GA,2014-05,0
581,GA,2014-06,0
582,GA,2014-07,0
583,GA,2014-08,0
584,GA,2014-09,0
585,GA,2014-10,0
586,GA,2014-11,0
587,GA,2014-12,0
588,GA,2015-01,0
589,GA,2015-02,0
590,GA,2015-03,0
591,GA,2015-04,0
592,GA,2015-05,0
593,GA,2015-06,0
594,GA,2015-07,0
595,GA,2015-08,0
596,GA,2015-09,0
597,GA,2015-10,0
598,GA,2015-11,0
599,GA,2015-12,0
600,HI,2011-01,0
601,HI,2011-02,0
602,HI,2011-03,0
603,HI,2011-04,0
604,HI,2011-05,0
605,HI,2011-06,0
606,HI,2011-07,0
607,HI,2011-08,0
608,HI,2011-09,0
609,HI,2011-10,0
610,HI,2011-11,0
611,HI,2011-12,0
612,HI,2012-01,0
613,HI,2012-02,0
614,HI,2012-03,0
615,HI,2012-04,0
616,HI,2012-05,0
617,HI,2012-06,0
618,HI,2012-07,0
619,HI,2012-08,0
620,HI,2012-09,0
621,HI,2012-10,0
622,HI,2012-11,0
623,HI,2012-12,0
624,HI,2013-01,0
625,HI,2013-02,0
626,HI,2013-03,0
627,HI,2013-04,0
628,HI,2013-05,0
629,HI,2013-06,0
630,HI,2013-07,0
631,HI,2013-08,0
632,HI,2013-09,0
633,HI,2013-10,0
634,HI,2013-11,0
635,HI,2013-12,0
636,HI,2014-01,0
637,HI,2014-02,0
638,HI,2014-03,0
639,HI,2014-04,0
640,HI,2014-05,0
641,HI,2014-06,0
642,HI,2014-07,0
643,HI,2014-08,0
644,HI,2014-09,0
645,HI,2014-10,0
646,HI,2014-11,0
647,HI,2014-12,0
648,HI,2015-01,0
649,HI,2015-02,0
650,HI,2015-03,0
651,HI,2015-04,0
652,HI,2015-05,0
653,HI,2015-06,0
654,HI,2015-07,0
655,HI,2015-08,0
656,HI,2015-09,0
657,HI,2015-10,0
658,HI,2015-11,0
659,HI,2015-12,0
660,IA,2011-01,0
661,IA,2011-02,0
662,IA,2011-03,0
663,IA,2011-04,0
664,IA,2011-05,0
665,IA,2011-06,0
666,IA,2011-07,0
667,IA,2011-08,0
668,IA,2011-09,0
669,IA,2011-10,0
670,IA,2011-11,0
671,IA,2011-12,0
672,IA,2012-01,0
673,IA,2012-02,0
674,IA,2012-03,0
675,IA,2012-04,0
676,IA,2012-05,0
677,IA,2012-06,0
678,IA,2012-07,0
679,IA,2012-08,0
680,IA,2012-09,0
681,IA,2012-10,0
682,IA,2012-11,0
683,IA,2012-12,0
684,IA,2013-01,0
685,IA,2013-02,0
686,IA,2013-03,0
687,IA,2013-04,0
688,IA,2013-05,0
689,IA,2013-06,0
690,IA,2013-07,0
691,IA,2013-08,0
692,IA,2013-09,0
693,IA,2013-10,0
694,IA,2013-11,0
695,IA,2013-12,0
696,IA,2014-01,0
697,IA,2014-02,0
698,IA,2014-03,0
699,IA,2014-04,0
700,IA,2014-05,0
701,IA,2014-06,0
702,IA,2014-07,0
703,IA,2014-08,0
704,IA,2014-09,0
705,IA,2014-10,0
706,IA,2014-11,0
707,IA,2014-12,0
708,IA,2015-01,0
709,IA,2015-02,0
710,IA,2015-03,0
711,IA,2015-04,0
712,IA,2015-05,0
713,IA,2015-06,0
714,IA,2015-07,0
715,IA,2015-08,0
716,IA,2015-09,0
717,IA,2015-10,0
718,IA,2015-11,0
719,IA,2015-12,0
720,ID,2011-01,0
721,ID,2011-02,0
722,ID,2011-03,0
723,ID,2011-04,0
724,ID,2011-05,0
725,ID,2011-06,0
726,ID,2011-07,0
727,ID,2011-08,0
728,ID,2011-09,0
729,ID,2011-10,0
730,ID,2011-11,0
731,ID,2011-12,0
732,ID,2012-01,0
733,ID,2012-02,0
734,ID,2012-03,0
735,ID,2012-04,0
736,ID,2012-05,0
737,ID,2012-06,0
738,ID,2012-07,0
739,ID,2012-08,0
740,ID,2012-09,0
741,ID,2012-10,0
742,ID,2012-11,0
743,ID,2012-12,0
744,ID,2013-01,0
745,ID,2013-02,0
746,ID,2013-03,0
747,ID,2013-04,0
748,ID,2013-05,0
749,ID,2013-06,0
750,ID,2013-07,0
751,ID,2013-08,0
752,ID,2013-09,0
753,ID,2013-10,0
754,ID,2013-11,0
755,ID,2013-12,0
756,ID,2014-01,0
757,ID,2014-02,0
758,ID,2014-03,0
759,ID,2014-04,0
760,ID,2014-05,0
761,ID,2014-06,0
762,ID,2014-07,0
763,ID,2014-08,0
764,ID,2014-09,0
765,ID,2014-10,0
766,ID,2014-11,0
767,ID,2014-12,0
768,ID,2015-01,0
769,ID,2015-02,0
770,ID,2015-03,0
771,ID,2015-04,0
772,ID,2015-05,0
773,ID,2015-06,0
774,ID,2015-07,0
775,ID,2015-08,0
776,ID,2015-09,0
777,ID,2015-10,0
778,ID,2015-11,0
779,ID,2015-12,0
780,IL,2011-01,0
781,IL,2011-02,0
782,IL,2011-03,0
783,IL,2011-04,0
784,IL,2011-05,0
785,IL,2011-06,0
786,IL,2011-07,0
787,IL,2011-08,0
788,IL,2011-09,0
789,IL,2011-10,0
790,IL,2011-11,0
791,IL,2011-12,0
792,IL,2012-01,0
793,IL,2012-02,0
794,IL,2012-03,0
795,IL,2012-04,0
796,IL,2012-05,0
797,IL,2012-06,0
798,IL,2012-07,0
799,IL,2012-08,0
800,IL,2012-09,0
801,IL,2012-10,0
802,IL,2012-11,0
803,IL,2012-12,0
804,IL,2013-01,0
805,IL,2013-02,0
806,IL,2013-03,0
807,IL,2013-04,0
808,IL,2013-05,0
809,IL,2013-06,0
810,IL,2013-07,0
811,IL,2013-08,0
812,IL,2013-09,0
813,IL,2013-10,0
814,IL,2013-11,0
815,IL,2013-12,0
816,IL,2014-01,0
817,IL,2014-02,0
818,IL,2014-03,0
819,IL,2014-04,0
820,IL,2014-05,0
821,IL,2014-06,0
822,IL,2014-07,0
823,IL,2014-08,0
824,IL,2014-09,0
825,IL,2014-10,0
826,IL,2014-11,0
827,IL,2014-12,0
828,IL,2015-01,0
829,IL,2015-02,0
830,IL,2015-03,0
831,IL,2015-04,0
832,IL,2015-05,0
833,IL,2015-06,0
834,IL,2015-07,0
835,IL,2015-08,0
836,IL,2015-09,0
837,IL,2015-10,0
838,IL,2015-11,0
839,IL,2015-12,0
840,IN,2011-01,0
841,IN,2011-02,0
842,IN,2011-03,0
843,IN,2011-04,0
844,IN,2011-05,0
845,IN,2011-06,0
846,IN,2011-07,0
847,IN,2011-08,0
848,IN,2011-09,0
849,IN,2011-10,0
850,IN,2011-11,0
851,IN,2011-12,0
852,IN,2012-01,0
853,IN,2012-02,0
854,IN,2012-03,0
855,IN,2012-04,0
856,IN,2012-05,0
857,IN,2012-06,0
858,IN,2012-07,0
859,IN,2012-08,0
860,IN,2012-09,0
861,IN,2012-10,0
862,IN,2012-11,0
863,IN,2012-12,0
864,IN,2013-01,0
865,IN,2013-02,0
866,IN,2013-03,0
867,IN,2013-04,0
868,IN,2013-05,0
869,IN,2013-06,0
870,IN,2013-07,0
871,IN,2013-08,0
872,IN,2013-09,0
873,IN,2013-10,0
874,IN,2013-11,0
875,IN,2013-12,0
876,IN,2014-01,0
877,IN,2014-02,0
878,IN,2014-03,0
879,IN,2014-04,0
880,IN,2014-05,0
881,IN,2014-06,0
882,IN,2014-07,0
883,IN,2014-08,0
884,IN,2014-09,0
885,IN,2014-10,0
886,IN,2014-11,0
887,IN,2014-12,0
888,IN,2015-01,0
889,IN,2015-02,0
890,IN,2015-03,0
891,IN,2015-04,0
892,IN,2015-05,0
893,IN,2015-06,0
894,IN,2015-07,0
895,IN,2015-08,0
896,IN,2015-09,0
897,IN,2015-10,0
898,IN,2015-11,0
899,IN,2015-12,0
900,KS,2011-01,0
901,KS,2011-02,0
902,KS,2011-03,0
903,KS,2011-04,0
904,KS,2011-05,0
905,KS,2011-06,0
906,KS,2011-07,0
907,KS,2011-08,0
908,KS,2011-09,0
909,KS,2011-10,0
910,KS,2011-11,0
911,KS,2011-12,0
912,KS,2012-01,0
913,KS,2012-02,0
914,KS,2012-03,0
915,KS,2012-04,0
916,KS,2012-05,0
917,KS,2012-06,0
918,KS,2012-07,0
919,KS,2012-08,0
920,KS,2012-09,0
921,KS,2012-10,0
922,KS,2012-11,0
923,KS,2012-12,0
924,KS,2013-01,0
925,KS,2013-02,0
926,KS,2013-03,0
927,KS,2013-04,0
928,KS,2013-05,0
929,KS,2013-06,0
930,KS,2013-07,0
931,KS,2013-08,0
932,KS,2013-09,0
933,KS,2013-10,0
934,KS,2013-11,0
935,KS,2013-12,0
936,KS,2014-01,0
937,KS,2014-02,0
938,KS,2014-03,0
939,KS,2014-04,0
940,KS,2014-05,0
941,KS,2014-06,0
942,KS,2014-07,0
943,KS,2014-08,0
944,KS,2014-09,0
945,KS,2014-10,0
946,KS,2014-11,0
947,KS,2014-12,0
948,KS,2015-01,0
949,KS,2015-02,0
950,KS,2015-03,0
951,KS,2015-04,0
952,KS,2015-05,0
953,KS,2015-06,0
954,KS,2015-07,0
955,KS,2015-08,0
956,KS,2015-09,0
957,KS,2015-10,0
958,KS,2015-11,0
959,KS,2015-12,0
960,KY,2011-01,0
961,KY,2011-02,0
962,KY,2011-03,0
963,KY,2011-04,0
964,KY,2011-05,0
965,KY,2011-06,0
966,KY,2011-07,0
967,KY,2011-08,0
968,KY,2011-09,0
969,KY,2011-10,0
970,KY,2011-11,0
971,KY,2011-12,0
972,KY,2012-01,0
973,KY,2012-02,0
974,KY,2012-03,0
975,KY,2012-04,0
976,KY,2012-05,0
977,KY,2012-06,0
978,KY,2012-07,0
979,KY,2012-08,0
980,KY,2012-09,0
981,KY,2012-10,0
982,KY,2012-11,0
983,KY,2012-12,0
984,KY,2013-01,0
985,KY,2013-02,0
986,KY,2013-03,0
987,KY,2013-04,0
988,KY,2013-05,0
989,KY,2013-06,0
990,KY,2013-07,0
991,KY,2013-08,0
992,KY,2013-09,0
993,KY,2013-10,0
994,KY,2013-11,0
995,KY,2013-12,0
996,KY,2014-01,0
997,KY,2014-02,0
998,KY,2014-03,0
999,KY,2014-04,0
1000,KY,2014-05,0
1001,KY,2014-06,0
1002,KY,2014-07,0
1003,KY,2014-08,0
1004,KY,2014-09,0
1005,KY,2014-10,0
1006,KY,2014-11,0
1007,KY,2014-12,0
1008,KY,2015-01,0
1009,KY,2015-02,0
1010,KY,2015-03,0
1011,KY,2015-04,0
1012,KY,2015-05,0
1013,KY,2015-06,0
1014,KY,2015-07,0
1015,KY,2015-08,0
1016,KY,2015-09,0
1017,KY,2015-10,0
1018,KY,2015-11,0
1019,KY,2015-12,0
1020,LA,2011-01,0
1021,LA,2011-02,0
1022,LA,2011-03,0
1023,LA,2011-04,0
1024,LA,2011-05,0
1025,LA,2011-06,0
1026,LA,2011-07,0
1027,LA,2011-08,0
1028,LA,2011-09,0
1029,LA,2011-10,0
1030,LA,2011-11,0
1031,LA,2011-12,0
1032,LA,2012-01,0
1033,LA,2012-02,0
1034,LA,2012-03,0
1035,LA,2012-04,0
1036,LA,2012-05,0
1037,LA,2012-06,0
1038,LA,2012-07,0
1039,LA,2012-08,0
1040,LA,2012-09,0
1041,LA,2012-10,0
1042,LA,2012-11,0
1043,LA,2012-12,0
1044,LA,2013-01,0
1045,LA,2013-02,0
1046,LA,2013-03,0
1047,LA,2013-04,0
1048,LA,2013-05,0
1049,LA,2013-06,0
1050,LA,2013-07,0
1051,LA,2013-08,0
1052,LA,2013-09,0
1053,LA,2013-10,0
1054,LA,2013-11,0
1055,LA,2013-12,0
1056,LA,2014-01,0
1057,LA,2014-02,0
1058,LA,2014-03,0
1059,LA,2014-04,0
1060,LA,2014-05,0
1061,LA,2014-06,0
1062,LA,2014-07,0
1063,LA,2014-08,0
1064,LA,2014-09,0
1065,LA,2014-10,0
1066,LA,2014-11,0
1067,LA,2014-12,0
1068,LA,2015-01,0
1069,LA,2015-02,0
1070,LA,2015-03,0
1071,LA,2015-04,0
1072,LA,2015-05,0
1073,LA,2015-06,0
1074,LA,2015-07,0
1075,LA,2015-08,0
1076,LA,2015-09,0
1077,LA,2015-10,0
1078,LA,2015-11,0
1079,LA,2015-12,0
1080,MA,2011-01,0
1081,MA,2011-02,0
1082,MA,2011-03,0
1083,MA,2011-04,0
1084,MA,2011-05,0
1085,MA,2011-06,0
1086,MA,2011-07,0
1087,MA,2011-08,0
1088,MA,2011-09,0
1089,MA,2011-10,0
1090,MA,2011-11,0
1091,MA,2011-12,0
1092,MA,2012-01,0
1093,MA,2012-02,0
1094,MA,2012-03,0
1095,MA,2012-04,0
1096,MA,2012-05,0
1097,MA,2012-06,0
1098,MA,2012-07,0
1099,MA,2012-08,0
1100,MA,2012-09,0
1101,MA,2012-10,0
1102,MA,2012-11,0
1103,MA,2012-12,0
1104,MA,2013-01,0
1105,MA,2013-02,0
1106,MA,2013-03,0
1107,MA,2013-04,0
1108,MA,2013-05,0
1109,MA,2013-06,0
1110,MA,2013-07,0
1111,MA,2013-08,0
1112,MA,2013-09,0
1113,MA,2013-10,0
1114,MA,2013-11,0
1115,MA,2013-12,0
1116,MA,2014-01,0
1117,MA,2014-02,0
1118,MA,2014-03,0
1119,MA,2014-04,0
1120,MA,2014-05,0
1121,MA,2014-06,0
1122,MA,2014-07,0
1123,MA,2014-08,0
1124,MA,2014-09,0
1125,MA,2014-10,0
1126,MA,2014-11,0
1127,MA,2014-12,0
1128,MA,2015-01,0
1129,MA,2015-02,0
1130,MA,2015-03,0
1131,MA,2015-04,0
1132,MA,2015-05,0
1133,MA,2015-06,0
1134,MA,2015-07,0
1135,MA,2015-08,0
1136,MA,2015-09,0
1137,MA,2015-10,0
1138,MA,2015-11,0
1139,MA,2015-12,0
1140,MD,2011-01,0
1141,MD,2011-02,0
1142,MD,2011-03,0
1143,MD,2011-04,0
1144,MD,2011-05,0
1145,MD,2011-06,0
1146,MD,2011-07,0
1147,MD,2011-08,0
1148,MD,2011-09,0
1149,MD,2011-10,0
1150,MD,2011-11,0
1151,MD,2011-12,0
1152,MD,2012-01,0
1153,MD,2012-02,0
1154,MD,2012-03,0
1155,MD,2012-04,0
1156,MD,2012-05,0
1157,MD,2012-06,0
1158,MD,2012-07,0
1159,MD,2012-08,0
1160,MD,2012-09,0
1161,MD,2012-10,0
1162,MD,2012-11,0
1163,MD,2012-12,0
1164,MD,2013-01,0
1165,MD,2013-02,0
1166,MD,2013-03,0
1167,MD,2013-04,0
1168,MD,2013-05,0
1169,MD,2013-06,0
1170,MD,2013-07,0
1171,MD,2013-08,0
1172,MD,2013-09,0
1173,MD,2013-10,0
1174,MD,2013-11,0
1175,MD,2013-12,0
1176,MD,2014-01,0
1177,MD,2014-02,0
1178,MD,2014-03,0
1179,MD,2014-04,0
1180,MD,2014-05,0
1181,MD,2014-06,0
1182,MD,2014-07,0
1183,MD,2014-08,0
1184,MD,2014-09,0
1185,MD,2014-10,0
1186,MD,2014-11,0
1187,MD,2014-12,0
1188,MD,2015-01,0
1189,MD,2015-02,0
1190,MD,2015-03,0
1191,MD,2015-04,0
1192,MD,2015-05,0
1193,MD,2015-06,0
1194,MD,2015-07,0
1195,MD,2015-08,0
1196,MD,2015-09,0
1197,MD,2015-10,0
1198,MD,2015-11,0
1199,MD,2015-12,0
1200,ME,2011-01,0
1201,ME,2011-02,0
1202,ME,2011-03,0
1203,ME,2011-04,0
1204,ME,2011-05,0
1205,ME,2011-06,0
1206,ME,2011-07,0
1207,ME,2011-08,0
1208,ME,2011-09,0
1209,ME,2011-10,0
1210,ME,2011-11,0
1211,ME,2011-12,0
1212,ME,2012-01,0
1213,ME,2012-02,0
1214,ME,2012-03,0
1215,ME,2012-04,0
1216,ME,2012-05,0
1217,ME,2012-06,0
1218,ME,2012-07,0
1219,ME,2012-08,0
1220,ME,2012-09,0
1221,ME,2012-10,0
1222,ME,2012-11,0
1223,ME,2012-12,0
1224,ME,2013-01,0
1225,ME,2013-02,0
1226,ME,2013-03,0
1227,ME,2013-04,0
1228,ME,2013-05,0
1229,ME,2013-06,0
1230,ME,2013-07,0
1231,ME,2013-08,0
1232,ME,2013-09,0
1233,ME,2013-10,0
1234,ME,2013-11,0
1235,ME,2013-12,0
1236,ME,2014-01,0
1237,ME,2014-02,0
1238,ME,2014-03,0
1239,ME,2014-04,0
1240,ME,2014-05,0
1241,ME,2014-06,0
1242,ME,2014-07,0
1243,ME,2014-08,0
1244,ME,2014-09,0
1245,ME,2014-10,0
1246,ME,2014-11,0
1247,ME,2014-12,0
1248,ME,2015-01,0
1249,ME,2015-02,0
1250,ME,2015-03,0
1251,ME,2015-04,0
1252,ME,2015-05,0
1253,ME,2015-06,0
1254,ME,2015-07,0
1255,ME,2015-08,0
1256,ME,2015-09,0
1257,ME,2015-10,0
1258,ME,2015-11,0
1259,ME,2015-12,0
1260,MI,2011-01,0
1261,MI,2011-02,0
1262,MI,2011-03,0
1263,MI,2011-04,0
1264,MI,2011-05,0
1265,MI,2011-06,0
1266,MI,2011-07,0
1267,MI,2011-08,0
1268,MI,2011-09,0
1269,MI,2011-10,0
1270,MI,2011-11,0
1271,MI,2011-12,0
1272,MI,2012-01,0
1273,MI,2012-02,0
1274,MI,2012-03,0
1275,MI,2012-04,0
1276,MI,2012-05,0
1277,MI,2012-06,0
1278,MI,2012-07,0
1279,MI,2012-08,0
1280,MI,2012-09,0
1281,MI,2012-10,0
1282,MI,2012-11,0
1283,MI,2012-12,0
1284,MI,2013-01,0
1285,MI,2013-02,0
1286,MI,2013-03,0
1287,MI,2013-04,0
1288,MI,2013-05,0
1289,MI,2013-06,0
1290,MI,2013-07,0
1291,MI,2013-08,0
1292,MI,2013-09,0
1293,MI,2013-10,0
1294,MI,2013-11,0
1295,MI,2013-12,0
1296,MI,2014-01,0
1297,MI,2014-02,0
1298,MI,2014-03,0
1299,MI,2014-04,0
1300,MI,2014-05,0
1301,MI,2014-06,0
1302,MI,2014-07,0
1303,MI,2014-08,0
1304,MI,2014-09,0
1305,MI,2014-10,0
1306,MI,2014-11,0
1307,MI,2014-12,0
1308,MI,2015-01,0
1309,MI,2015-02,0
1310,MI,2015-03,0
1311,MI,2015-04,0
1312,MI,2015-05,0
1313,MI,2015-06,0
1314,MI,2015-07,0
1315,MI,2015-08,0
1316,MI,2015-09,0
1317,MI,2015-10,0
1318,MI,2015-11,0
1319,MI,2015-12,0
1320,MN,2011-01,0
1321,MN,2011-02,0
1322,MN,2011-03,0
1323,MN,2011-04,0
1324,MN,2011-05,0
1325,MN,2011-06,0
1326,MN,2011-07,0
1327,MN,2011-08,0
1328,MN,2011-09,0
1329,MN,2011-10,0
1330,MN,2011-11,0
1331,MN,2011-12,0
1332,MN,2012-01,0
1333,MN,2012-02,0
1334,MN,2012-03,0
1335,MN,2012-04,0
1336,MN,2012-05,0
1337,MN,2012-06,0
1338,MN,2012-07,0
1339,MN,2012-08,0
1340,MN,2012-09,0
1341,MN,2012-10,0
1342,MN,2012-11,0
1343,MN,2012-12,0
1344,MN,2013-01,0
1345,MN,2013-02,0
1346,MN,2013-03,0
1347,MN,2013-04,0
1348,MN,2013-05,0
1349,MN,2013-06,0
1350,MN,2013-07,0
1351,MN,2013-08,0
1352,MN,2013-09,0
1353,MN,2013-10,0
1354,MN,2013-11,0
1355,MN,2013-12,0
1356,MN,2014-01,0
1357,MN,2014-02,0
1358,MN,2014-03,0
1359,MN,2014-04,0
1360,MN,2014-05,0
1361,MN,2014-06,0
1362,MN,2014-07,0
1363,MN,2014-08,0
1364,MN,2014-09,0
1365,MN,2014-10,0
1366,MN,2014-11,0
1367,MN,2014-12,0
1368,MN,2015-01,0
1369,MN,2015-02,0
1370,MN,2015-03,0
1371,MN,2015-04,0
1372,MN,2015-05,0
1373,MN,2015-06,0
1374,MN,2015-07,0
1375,MN,2015-08,0
1376,MN,2015-09,0
1377,MN,2015-10,0
1378,MN,2015-11,0
1379,MN,2015-12,0
1380,MO,2011-01,0
1381,MO,2011-02,0
1382,MO,2011-03,0
1383,MO,2011-04,0
1384,MO,2011-05,0
1385,MO,2011-06,0
1386,MO,2011-07,0
1387,MO,2011-08,0
1388,MO,2011-09,0
1389,MO,2011-10,0
1390,MO,2011-11,0
1391,MO,2011-12,0
1392,MO,2012-01,0
1393,MO,2012-02,0
1394,MO,2012-03,0
1395,MO,2012-04,0
1396,MO,2012-05,0
1397,MO,2012-06,0
1398,MO,2012-07,0
1399,MO,2012-08,0
1400,MO,2012-09,0
1401,MO,2012-10,0
1402,MO,2012-11,0
1403,MO,2012-12,0
1404,MO,2013-01,0
1405,MO,2013-02,0
1406,MO,2013-03,0
1407,MO,2013-04,0
1408,MO,2013-05,0
1409,MO,2013-06,0
1410,MO,2013-07,0
1411,MO,2013-08,0
1412,MO,2013-09,0
1413,MO,2013-10,0
1414,MO,2013-11,0
1415,MO,2013-12,0
1416,MO,2014-01,0
1417,MO,2014-02,0
1418,MO,2014-03,0
1419,MO,2014-04,0
1420,MO,2014-05,0
1421,MO,2014-06,0
1422,MO,2014-07,0
1423,MO,2014-08,0
1424,MO,2014-09,0
1425,MO,2014-10,0
1426,MO,2014-11,0
1427,MO,2014-12,0
1428,MO,2015-01,0
1429,MO,2015-02,0
1430,MO,2015-03,0
1431,MO,2015-04,0
1432,MO,2015-05,0
1433,MO,2015-06,0
1434,MO,2015-07,0
1435,MO,2015-08,0
1436,MO,2015-09,0
1437,MO,2015-10,0
1438,MO,2015-11,0
1439,MO,2015-12,0
1440,MS,2011-01,0
1441,MS,2011-02,0
1442,MS,2011-03,0
1443,MS,2011-04,0
1444,MS,2011-05,0
1445,MS,2011-06,0
1446,MS,2011-07,0
1447,MS,2011-08,0
1448,MS,2011-09,0
1449,MS,2011-10,0
1450,MS,2011-11,0
1451,MS,2011-12,0
1452,MS,2012-01,0
1453,MS,2012-02,0
1454,MS,2012-03,0
1455,MS,2012-04,0
1456,MS,2012-05,0
1457,MS,2012-06,0
1458,MS,2012-07,0
1459,MS,2012-08,0
1460,MS,2012-09,0
1461,MS,2012-10,0
1462,MS,2012-11,0
1463,MS,2012-12,0
1464,MS,2013-01,0
1465,MS,2013-02,0
1466,MS,2013-03,0
1467,MS,2013-04,0
1468,MS,2013-05,0
1469,MS,2013-06,0
1470,MS,2013-07,0
1471,MS,2013-08,0
1472,MS,2013-09,0
1473,MS,2013-10,0
1474,MS,2013-11,0
1475,MS,2013-12,0
1476,MS,2014-01,0
1477,MS,2014-02,0
1478,MS,2014-03,0
1479,MS,2014-04,0
1480,MS,2014-05,0
1481,MS,2014-06,0
1482,MS,2014-07,0
1483,MS,2014-08,0
1484,MS,2014-09,0
1485,MS,2014-10,0
1486,MS,2014-11,0
1487,MS,2014-12,0
1488,MS,2015-01,0
1489,MS,2015-02,0
1490,MS,2015-03,0
1491,MS,2015-04,0
1492,MS,2015-05,0
1493,MS,2015-06,0
1494,MS,2015-07,0
1495,MS,2015-08,0
1496,MS,2015-09,0
1497,MS,2015-10,0
1498,MS,2015-11,0
1499,MS,2015-12,0
1500,MT,2011-01,0
1501,MT,2011-02,0
1502,MT,2011-03,0
1503,MT,2011-04,0
1504,MT,2011-05,0
1505,MT,2011-06,0
1506,MT,2011-07,0
1507,MT,2011-08,0
1508,MT,2011-09,0
1509,MT,2011-10,0
1510,MT,2011-11,0
1511,MT,2011-12,0
1512,MT,2012-01,0
1513,MT,2012-02,0
1514,MT,2012-03,0
1515,MT,2012-04,0
1516,MT,2012-05,0
1517,MT,2012-06,0
1518,MT,2012-07,0
1519,MT,2012-08,0
1520,MT,2012-09,0
1521,MT,2012-10,0
1522,MT,2012-11,0
1523,MT,2012-12,0
1524,MT,2013-01,0
1525,MT,2013-02,0
1526,MT,2013-03,0
1527,MT,2013-04,0
1528,MT,2013-05,0
1529,MT,2013-06,0
1530,MT,2013-07,0
1531,MT,2013-08,0
1532,MT,2013-09,0
1533,MT,2013-10,0
1534,MT,2013-11,0
1535,MT,2013-12,0
1536,MT,2014-01,0
1537,MT,2014-02,0
1538,MT,2014-03,0
1539,MT,2014-04,0
1540,MT,2014-05,0
1541,MT,2014-06,0
1542,MT,2014-07,0
1543,MT,2014-08,0
1544,MT,2014-09,0
1545,MT,2014-10,0
1546,MT,2014-11,0
1547,MT,2014-12,0
1548,MT,2015-01,0
1549,MT,2015-02,0
1550,MT,2015-03,0
1551,MT,2015-04,0
1552,MT,2015-05,0
1553,MT,2015-06,0
1554,MT,2015-07,0
1555,MT,2015-08,0
1556,MT,2015-09,0
1557,MT,2015-10,0
1558,MT,2015-11,0
1559,MT,2015-12,0
1560,NC,2011-01,0
1561,NC,2011-02,0
1562,NC,2011-03,0
1563,NC,2011-04,0
1564,NC,2011-05,0
1565,NC,2011-06,0
1566,NC,2011-07,0
1567,NC,2011-08,0
1568,NC,2011-09,0
1569,NC,2011-10,0
1570,NC,2011-11,0
1571,NC,2011-12,0
1572,NC,2012-01,0
1573,NC,2012-02,0
1574,NC,2012-03,0
1575,NC,2012-04,0
1576,NC,2012-05,0
1577,NC,2012-06,0
1578,NC,2012-07,0
1579,NC,2012-08,0
1580,NC,2012-09,0
1581,NC,2012-10,0
1582,NC,2012-11,0
1583,NC,2012-12,0
1584,NC,2013-01,0
1585,NC,2013-02,0
1586,NC,2013-03,0
1587,NC,2013-04,0
1588,NC,2013-05,0
1589,NC,2013-06,0
1590,NC,2013-07,0
1591,NC,2013-08,0
1592,NC,2013-09,0
1593,NC,2013-10,0
1594,NC,2013-11,0
1595,NC,2013-12,0
1596,NC,2014-01,0
1597,NC,2014-02,0
1598,NC,2014-03,0
1599,NC,2014-04,0
1600,NC,2014-05,0
1601,NC,2014-06,0
1602,NC,2014-07,0
1603,NC,2014-08,0
1604,NC,2014-09,0
1605,NC,2014-10,0
1606,NC,2014-11,0
1607,NC,2014-12,0
1608,NC,2015-01,0
1609,NC,2015-02,0
1610,NC,2015-03,0
1611,NC,2015-04,0
1612,NC,2015-05,0
1613,NC,2015-06,0
1614,NC,2015-07,0
1615,NC,2015-08,0
1616,NC,2015-09,0
1617,NC,2015-10,0
1618,NC,2015-11,0
1619,NC,2015-12,0
1620,ND,2011-01,0
1621,ND,2011-02,0
1622,ND,2011-03,0
1623,ND,2011-04,0
1624,ND,2011-05,0
1625,ND,2011-06,0
1626,ND,2011-07,0
1627,ND,2011-08,0
1628,ND,2011-09,0
1629,ND,2011-10,0
1630,ND,2011-11,0
1631,ND,2011-12,0
1632,ND,2012-01,0
1633,ND,2012-02,0
1634,ND,2012-03,0
1635,ND,2012-04,0
1636,ND,2012-05,0
1637,ND,2012-06,0
1638,ND,2012-07,0
1639,ND,2012-08,0
1640,ND,2012-09,0
1641,ND,2012-10,0
1642,ND,2012-11,0
1643,ND,2012-12,0
1644,ND,2013-01,0
1645,ND,2013-02,0
1646,ND,2013-03,0
1647,ND,2013-04,0
1648,ND,2013-05,0
1649,ND,2013-06,0
1650,ND,2013-07,0
1651,ND,2013-08,0
1652,ND,2013-09,0
1653,ND,2013-10,0
1654,ND,2013-11,0
1655,ND,2013-12,0
1656,ND,2014-01,0
1657,ND,2014-02,0
1658,ND,2014-03,0
1659,ND,2014-04,0
1660,ND,2014-05,0
1661,ND,2014-06,0
1662,ND,2014-07,0
1663,ND,2014-08,0
1664,ND,2014-09,0
1665,ND,2014-10,0
1666,ND,2014-11,0
1667,ND,2014-12,0
1668,ND,2015-01,0
1669,ND,2015-02,0
1670,ND,2015-03,0
1671,ND,2015-04,0
1672,ND,2015-05,0
1673,ND,2015-06,0
1674,ND,2015-07,0
1675,ND,2015-08,0
1676,ND,2015-09,0
1677,ND,2015-10,0
1678,ND,2015-11,0
1679,ND,2015-12,0
1680,NE,2011-01,0
1681,NE,2011-02,0
1682,NE,2011-03,0
1683,NE,2011-04,0
1684,NE,2011-05,0
1685,NE,2011-06,0
1686,NE,2011-07,0
1687,NE,2011-08,0
1688,NE,2011-09,0
1689,NE,2011-10,0
1690,NE,2011-11,0
1691,NE,2011-12,0
1692,NE,2012-01,0
1693,NE,2012-02,0
1694,NE,2012-03,0
1695,NE,2012-04,0
1696,NE,2012-05,0
1697,NE,2012-06,0
1698,NE,2012-07,0
1699,NE,2012-08,0
1700,NE,2012-09,0
1701,NE,2012-10,0
1702,NE,2012-11,0
1703,NE,2012-12,0
1704,NE,2013-01,0
1705,NE,2013-02,0
1706,NE,2013-03,0
1707,NE,2013-04,0
1708,NE,2013-05,0
1709,NE,2013-06,0
1710,NE,2013-07,0
1711,NE,2013-08,0
1712,NE,2013-09,0
1713,NE,2013-10,0
1714,NE,2013-11,0
1715,NE,2013-12,0
1716,NE,2014-01,0
1717,NE,2014-02,0
1718,NE,2014-03,0
1719,NE,2014-04,0
1720,NE,2014-05,0
1721,NE,2014-06,0
1722,NE,2014-07,0
1723,NE,2014-08,0
1724,NE,2014-09,0
1725,NE,2014-10,0
1726,NE,2014-11,0
1727,NE,2014-12,0
1728,NE,2015-01,0
1729,NE,2015-02,0
1730,NE,2015-03,0
1731,NE,2015-04,0
1732,NE,2015-05,0
1733,NE,2015-06,0
1734,NE,2015-07,0
1735,NE,2015-08,0
1736,NE,2015-09,0
1737,NE,2015-10,0
1738,NE,2015-11,0
1739,NE,2015-12,0
1740,NH,2011-01,0
1741,NH,2011-02,0
1742,NH,2011-03,0
1743,NH,2011-04,0
1744,NH,2011-05,0
1745,NH,2011-06,0
1746,NH,2011-07,0
1747,NH,2011-08,0
1748,NH,2011-09,0
1749,NH,2011-10,0
1750,NH,2011-11,0
1751,NH,2011-12,0
1752,NH,2012-01,0
1753,NH,2012-02,0
1754,NH,2012-03,0
1755,NH,2012-04,0
1756,NH,2012-05,0
1757,NH,2012-06,0
1758,NH,2012-07,0
1759,NH,2012-08,0
1760,NH,2012-09,0
1761,NH,2012-10,0
1762,NH,2012-11,0
1763,NH,2012-12,0
1764,NH,2013-01,0
1765,NH,2013-02,0
1766,NH,2013-03,0
1767,NH,2013-04,0
1768,NH,2013-05,0
1769,NH,2013-06,0
1770,NH,2013-07,0
1771,NH,2013-08,0
1772,NH,2013-09,0
1773,NH,2013-10,0
1774,NH,2013-11,0
1775,NH,2013-12,0
1776,NH,2014-01,0
1777,NH,2014-02,0
1778,NH,2014-03,0
1779,NH,2014-04,0
1780,NH,2014-05,0
1781,NH,2014-06,0
1782,NH,2014-07,0
1783,NH,2014-08,0
1784,NH,2014-09,0
1785,NH,2014-10,0
1786,NH,2014-11,0
1787,NH,2014-12,0
1788,NH,2015-01,0
1789,NH,2015-02,0
1790,NH,2015-03,0
1791,NH,2015-04,0
1792,NH,2015-05,0
1793,NH,2015-06,0
1794,NH,2015-07,0
1795,NH,2015-08,0
1796,NH,2015-09,0
1797,NH,2015-10,0
1798,NH,2015-11,0
1799,NH,2015-12,0
1800,NJ,2011-01,0
1801,NJ,2011-02,0
1802,NJ,2011-03,0
1803,NJ,2011-04,0
1804,NJ,2011-05,0
1805,NJ,2011-06,0
1806,NJ,2011-07,0
1807,NJ,2011-08,0
1808,NJ,2011-09,0
1809,NJ,2011-10,0
1810,NJ,2011-11,0
1811,NJ,2011-12,0
1812,NJ,2012-01,0
1813,NJ,2012-02,0
1814,NJ,2012-03,0
1815,NJ,2012-04,0
1816,NJ,2012-05,0
1817,NJ,2012-06,0
1818,NJ,2012-07,0
1819,NJ,2012-08,0
1820,NJ,2012-09,0
1821,NJ,2012-10,0
1822,NJ,2012-11,0
1823,NJ,2012-12,0
1824,NJ,2013-01,0
1825,NJ,2013-02,0
1826,NJ,2013-03,0
1827,NJ,2013-04,0
1828,NJ,2013-05,0
1829,NJ,2013-06,0
1830,NJ,2013-07,0
1831,NJ,2013-08,0
1832,NJ,2013-09,0
1833,NJ,2013-10,0
1834,NJ,2013-11,0
1835,NJ,2013-12,0
1836,NJ,2014-01,0
1837,NJ,2014-02,0
1838,NJ,2014-03,0
1839,NJ,2014-04,0
1840,NJ,2014-05,0
1841,NJ,2014-06,0
1842,NJ,2014-07,0
1843,NJ,2014-08,0
1844,NJ,2014-09,0
1845,NJ,2014-10,0
1846,NJ,2014-11,0
1847,NJ,2014-12,0
1848,NJ,2015-01,0
1849,NJ,2015-02,0
1850,NJ,2015-03,0
1851,NJ,2015-04,0
1852,NJ,2015-05,0
1853,NJ,2015-06,0
1854,NJ,2015-07,0
1855,NJ,2015-08,0
1856,NJ,2015-09,0
1857,NJ,2015-10,0
1858,NJ,2015-11,0
1859,NJ,2015-12,0
1860,NM,2011-01,0
1861,NM,2011-02,0
1862,NM,2011-03,0
1863,NM,2011-04,0
1864,NM,2011-05,0
1865,NM,2011-06,0
1866,NM,2011-07,0
1867,NM,2011-08,0
1868,NM,2011-09,0
1869,NM,2011-10,0
1870,NM,2011-11,0
1871,NM,2011-12,0
1872,NM,2012-01,0
1873,NM,2012-02,0
1874,NM,2012-03,0
1875,NM,2012-04,0
1876,NM,2012-05,0
1877,NM,2012-06,0
1878,NM,2012-07,0
1879,NM,2012-08,0
1880,NM,2012-09,0
1881,NM,2012-10,0
1882,NM,2012-11,0
1883,NM,2012-12,0
1884,NM,2013-01,0
1885,NM,2013-02,0
1886,NM,2013-03,0
1887,NM,2013-04,0
1888,NM,2013-05,0
1889,NM,2013-06,0
1890,NM,2013-07,0
1891,NM,2013-08,0
1892,NM,2013-09,0
1893,NM,2013-10,0
1894,NM,2013-11,0
1895,NM,2013-12,0
1896,NM,2014-01,0
1897,NM,2014-02,0
1898,NM,2014-03,0
1899,NM,2014-04,0
1900,NM,2014-05,0
1901,NM,2014-06,0
1902,NM,2014-07,0
1903,NM,2014-08,0
1904,NM,2014-09,0
1905,NM,2014-10,0
1906,NM,2014-11,0
1907,NM,2014-12,0
1908,NM,2015-01,0
1909,NM,2015-02,0
1910,NM,2015-03,0
1911,NM,2015-04,0
1912,NM,2015-05,0
1913,NM,2015-06,0
1914,NM,2015-07,0
1915,NM,2015-08,0
1916,NM,2015-09,0
1917,NM,2015-10,0
1918,NM,2015-11,0
1919,NM,2015-12,0
1920,NV,2011-01,0
1921,NV,2011-02,0
1922,NV,2011-03,0
1923,NV,2011-04,0
1924,NV,2011-05,0
1925,NV,2011-06,0
1926,NV,2011-07,0
1927,NV,2011-08,0
1928,NV,2011-09,0
1929,NV,2011-10,0
1930,NV,2011-11,0
1931,NV,2011-12,0
1932,NV,2012-01,0
1933,NV,2012-02,0
1934,NV,2012-03,0
1935,NV,2012-04,0
1936,NV,2012-05,0
1937,NV,2012-06,0
1938,NV,2012-07,0
1939,NV,2012-08,0
1940,NV,2012-09,0
1941,NV,2012-10,0
1942,NV,2012-11,0
1943,NV,2012-12,0
1944,NV,2013-01,0
1945,NV,2013-02,0
1946,NV,2013-03,0
1947,NV,2013-04,0
1948,NV,2013-05,0
1949,NV,2013-06,0
1950,NV,2013-07,0
1951,NV,2013-08,0
1952,NV,2013-09,0
1953,NV,2013-10,0
1954,NV,2013-11,0
1955,NV,2013-12,0
1956,NV,2014-01,0
1957,NV,2014-02,0
1958,NV,2014-03,0
1959,NV,2014-04,0
1960,NV,2014-05,0
1961,NV,2014-06,0
1962,NV,2014-07,0
1963,NV,2014-08,0
1964,NV,2014-09,0
1965,NV,2014-10,0
1966,NV,2014-11,0
1967,NV,2014-12,0
1968,NV,2015-01,0
1969,NV,2015-02,0
1970,NV,2015-03,0
1971,NV,2015-04,0
1972,NV,2015-05,0
1973,NV,2015-06,0
1974,NV,2015-07,0
1975,NV,2015-08,0
1976,NV,2015-09,0
1977,NV,2015-10,0
1978,NV,2015-11,0
1979,NV,2015-12,0
1980,NY,2011-01,0
1981,NY,2011-02,0
1982,NY,2011-03,0
1983,NY,2011-04,0
1984,NY,2011-05,0
1985,NY,2011-06,0
1986,NY,2011-07,0
1987,NY,2011-08,0
1988,NY,2011-09,0
1989,NY,2011-10,0
1990,NY,2011-11,0
1991,NY,2011-12,0
1992,NY,2012-01,0
1993,NY,2012-02,0
1994,NY,2012-03,0
1995,NY,2012-04,0
1996,NY,2012-05,0
1997,NY,2012-06,0
1998,NY,2012-07,0
1999,NY,2012-08,0
2000,NY,2012-09,0
2001,NY,2012-10,0
2002,NY,2012-11,0
2003,NY,2012-12,0
2004,NY,2013-01,0
2005,NY,2013-02,0
2006,NY,2013-03,0
2007,NY,2013-04,0
2008,NY,2013-05,0
2009,NY,2013-06,0
2010,NY,2013-07,0
2011,NY,2013-08,0
2012,NY,2013-09,0
2013,NY,2013-10,0
2014,NY,2013-11,0
2015,NY,2013-12,0
2016,NY,2014-01,0
2017,NY,2014-02,0
2018,NY,2014-03,0
2019,NY,2014-04,0
2020,NY,2014-05,0
2021,NY,2014-06,0
2022,NY,2014-07,0
2023,NY,2014-08,0
2024,NY,2014-09,0
2025,NY,2014-10,0
2026,NY,2014-11,0
2027,NY,2014-12,0
2028,NY,2015-01,0
2029,NY,2015-02,0
2030,NY,2015-03,0
2031,NY,2015-04,0
2032,NY,2015-05,0
2033,NY,2015-06,0
2034,NY,2015-07,0
2035,NY,2015-08,0
2036,NY,2015-09,0
2037,NY,2015-10,0
2038,NY,2015-11,0
2039,NY,2015-12,0
2040,OH,2011-01,0
2041,OH,2011-02,0
2042,OH,2011-03,0
2043,OH,2011-04,0
2044,OH,2011-05,0
2045,OH,2011-06,0
2046,OH,2011-07,0
2047,OH,2011-08,0
2048,OH,2011-09,0
2049,OH,2011-10,0
2050,OH,2011-11,0
2051,OH,2011-12,0
2052,OH,2012-01,0
2053,OH,2012-02,0
2054,OH,2012-03,0
2055,OH,2012-04,0
2056,OH,2012-05,0
2057,OH,2012-06,0
2058,OH,2012-07,0
2059,OH,2012-08,0
2060,OH,2012-09,0
2061,OH,2012-10,0
2062,OH,2012-11,0
2063,OH,2012-12,0
2064,OH,2013-01,0
2065,OH,2013-02,0
2066,OH,2013-03,0
2067,OH,2013-04,0
2068,OH,2013-05,0
2069,OH,2013-06,0
2070,OH,2013-07,0
2071,OH,2013-08,0
2072,OH,2013-09,0
2073,OH,2013-10,0
2074,OH,2013-11,0
2075,OH,2013-12,0
2076,OH,2014-01,0
2077,OH,2014-02,0
2078,OH,2014-03,0
2079,OH,2014-04,0
2080,OH,2014-05,0
2081,OH,2014-06,0
2082,OH,2014-07,0
2083,OH,2014-08,0
2084,OH,2014-09,0
2085,OH,2014-10,0
2086,OH,2014-11,0
2087,OH,2014-12,0
2088,OH,2015-01,0
2089,OH,2015-02,0
2090,OH,2015-03,0
2091,OH,2015-04,0
2092,OH,2015-05,0
2093,OH,2015-06,0
2094,OH,2015-07,0
2095,OH,2015-08,0
2096,OH,2015-09,0
2097,OH,2015-10,0
2098,OH,2015-11,0
2099,OH,2015-12,0
2100,OK,2011-01,0
2101,OK,2011-02,0
2102,OK,2011-03,0
2103,OK,2011-04,0
2104,OK,2011-05,0
2105,OK,2011-06,0
2106,OK,2011-07,0
2107,OK,2011-08,0
2108,OK,2011-09,0
2109,OK,2011-10,0
2110,OK,2011-11,0
2111,OK,2011-12,0
2112,OK,2012-01,0
2113,OK,2012-02,0
2114,OK,2012-03,0
2115,OK,2012-04,0
2116,OK,2012-05,0
2117,OK,2012-06,0
2118,OK,2012-07,0
2119,OK,2012-08,0
2120,OK,2012-09,0
2121,OK,2012-10,0
2122,OK,2012-11,0
2123,OK,2012-12,0
2124,OK,2013-01,0
2125,OK,2013-02,0
2126,OK,2013-03,0
2127,OK,2013-04,0
2128,OK,2013-05,0
2129,OK,2013-06,0
2130,OK,2013-07,0
2131,OK,2013-08,0
2132,OK,2013-09,0
2133,OK,2013-10,0
2134,OK,2013-11,0
2135,OK,2013-12,0
2136,OK,2014-01,0
2137,OK,2014-02,0
2138,OK,2014-03,0
2139,OK,2014-04,0
2140,OK,2014-05,0
2141,OK,2014-06,0
2142,OK,2014-07,0
2143,OK,2014-08,0
2144,OK,2014-09,0
2145,OK,2014-10,0
2146,OK,2014-11,0
2147,OK,2014-12,0
2148,OK,2015-01,0
2149,OK,2015-02,0
2150,OK,2015-03,0
2151,OK,2015-04,0
2152,OK,2015-05,0
2153,OK,2015-06,0
2154,OK,2015-07,0
2155,OK,2015-08,0
2156,OK,2015-09,0
2157,OK,2015-10,0
2158,OK,2015-11,0
2159,OK,2015-12,0
2160,OR,2011-01,0
2161,OR,2011-02,0
2162,OR,2011-03,0
2163,OR,2011-04,0
2164,OR,2011-05,0
2165,OR,2011-06,0
2166,OR,2011-07,0
2167,OR,2011-08,0
2168,OR,2011-09,0
2169,OR,2011-10,0
2170,OR,2011-11,0
2171,OR,2011-12,0
2172,OR,2012-01,0
2173,OR,2012-02,0
2174,OR,2012-03,0
2175,OR,2012-04,0
2176,OR,2012-05,0
2177,OR,2012-06,0
2178,OR,2012-07,0
2179,OR,2012-08,0
2180,OR,2012-09,0
2181,OR,2012-10,0
2182,OR,2012-11,0
2183,OR,2012-12,0
2184,OR,2013-01,0
2185,OR,2013-02,0
2186,OR,2013-03,0
2187,OR,2013-04,0
2188,OR,2013-05,0
2189,OR,2013-06,0
2190,OR,2013-07,0
2191,OR,2013-08,0
2192,OR,2013-09,0
2193,OR,2013-10,0
2194,OR,2013-11,0
2195,OR,2013-12,0
2196,OR,2014-01,0
2197,OR,2014-02,0
2198,OR,2014-03,0
2199,OR,2014-04,0
2200,OR,2014-05,0
2201,OR,2014-06,0
2202,OR,2014-07,0
2203,OR,2014-08,0
2204,OR,2014-09,0
2205,OR,2014-10,0
2206,OR,2014-11,0
2207,OR,2014-12,0
2208,OR,2015-01,0
2209,OR,2015-02,0
2210,OR,2015-03,0
2211,OR,2015-04,0
2212,OR,2015-05,0
2213,OR,2015-06,0
2214,OR,2015-07,0
2215,OR,2015-08,0
2216,OR,2015-09,0
2217,OR,2015-10,0
2218,OR,2015-11,0
2219,OR,2015-12,0
2220,PA,2011-01,0
2221,PA,2011-02,0
2222,PA,2011-03,0
2223,PA,2011-04,0
2224,PA,2011-05,0
2225,PA,2011-06,0
2226,PA,2011-07,0
2227,PA,2011-08,0
2228,PA,2011-09,0
2229,PA,2011-10,0
2230,PA,2011-11,0
2231,PA,2011-12,0
2232,PA,2012-01,0
2233,PA,2012-02,0
2234,PA,2012-03,0
2235,PA,2012-04,0
2236,PA,2012-05,0
2237,PA,2012-06,0
2238,PA,2012-07,0
2239,PA,2012-08,0
2240,PA,2012-09,0
2241,PA,2012-10,0
2242,PA,2012-11,0
2243,PA,2012-12,0
2244,PA,2013-01,0
2245,PA,2013-02,0
2246,PA,2013-03,0
2247,PA,2013-04,0
2248,PA,2013-05,0
2249,PA,2013-06,0
2250,PA,2013-07,0
2251,PA,2013-08,0
2252,PA,2013-09,0
2253,PA,2013-10,0
2254,PA,2013-11,0
2255,PA,2013-12,0
2256,PA,2014-01,0
2257,PA,2014-02,0
2258,PA,2014-03,0
2259,PA,2014-04,0
2260,PA,2014-05,0
2261,PA,2014-06,0
2262,PA,2014-07,0
2263,PA,2014-08,0
2264,PA,2014-09,0
2265,PA,2014-10,0
2266,PA,2014-11,0
2267,PA,2014-12,0
2268,PA,2015-01,0
2269,PA,2015-02,0
2270,PA,2015-03,0
2271,PA,2015-04,0
2272,PA,2015-05,0
2273,PA,2015-06,0
2274,PA,2015-07,0
2275,PA,2015-08,0
2276,PA,2015-09,0
2277,PA,2015-10,0
2278,PA,2015-11,0
2279,PA,2015-12,0
2280,RI,2011-01,0
2281,RI,2011-02,0
2282,RI,2011-03,0
2283,RI,2011-04,0
2284,RI,2011-05,0
2285,RI,2011-06,0
2286,RI,2011-07,0
2287,RI,2011-08,0
2288,RI,2011-09,0
2289,RI,2011-10,0
2290,RI,2011-11,0
2291,RI,2011-12,0
2292,RI,2012-01,0
2293,RI,2012-02,0
2294,RI,2012-03,0
2295,RI,2012-04,0
2296,RI,2012-05,0
2297,RI,2012-06,0
2298,RI,2012-07,0
2299,RI,2012-08,0
2300,RI,2012-09,0
2301,RI,2012-10,0
2302,RI,2012-11,0
2303,RI,2012-12,0
2304,RI,2013-01,0
2305,RI,2013-02,0
2306,RI,2013-03,0
2307,RI,2013-04,0
2308,RI,2013-05,0
2309,RI,2013-06,0
2310,RI,2013-07,0
2311,RI,2013-08,0
2312,RI,2013-09,0
2313,RI,2013-10,0
2314,RI,2013-11,0
2315,RI,2013-12,0
2316,RI,2014-01,0
2317,RI,2014-02,0
2318,RI,2014-03,0
2319,RI,2014-04,0
2320,RI,2014-05,0
2321,RI,2014-06,0
2322,RI,2014-07,0
2323,RI,2014-08,0
2324,RI,2014-09,0
2325,RI,2014-10,0
2326,RI,2014-11,0
2327,RI,2014-12,0
2328,RI,2015-01,0
2329,RI,2015-02,0
2330,RI,2015-03,0
2331,RI,2015-04,0
2332,RI,2015-05,0
2333,RI,2015-06,0
2334,RI,2015-07,0
2335,RI,2015-08,0
2336,RI,2015-09,0
2337,RI,2015-10,0
2338,RI,2015-11,0
2339,RI,2015-12,0
2340,SC,2011-01,0
2341,SC,2011-02,0
2342,SC,2011-03,0
2343,SC,2011-04,0
2344,SC,2011-05,0
2345,SC,2011-06,0
2346,SC,2011-07,0
2347,SC,2011-08,0
2348,SC,2011-09,0
2349,SC,2011-10,0
2350,SC,2011-11,0
2351,SC,2011-12,0
2352,SC,2012-01,0
2353,SC,2012-02,0
2354,SC,2012-03,0
2355,SC,2012-04,0
2356,SC,2012-05,0
2357,SC,2012-06,0
2358,SC,2012-07,0
2359,SC,2012-08,0
2360,SC,2012-09,0
2361,SC,2012-10,0
2362,SC,2012-11,0
2363,SC,2012-12,0
2364,SC,2013-01,0
2365,SC,2013-02,0
2366,SC,2013-03,0
2367,SC,2013-04,0
2368,SC,2013-05,0
2369,SC,2013-06,0
2370,SC,2013-07,0
2371,SC,2013-08,0
2372,SC,2013-09,0
2373,SC,2013-10,0
2374,SC,2013-11,0
2375,SC,2013-12,0
2376,SC,2014-01,0
2377,SC,2014-02,0
2378,SC,2014-03,0
2379,SC,2014-04,0
2380,SC,2014-05,0
2381,SC,2014-06,0
2382,SC,2014-07,0
2383,SC,2014-08,0
2384,SC,2014-09,0
2385,SC,2014-10,0
2386,SC,2014-11,0
2387,SC,2014-12,0
2388,SC,2015-01,0
2389,SC,2015-02,0
2390,SC,2015-03,0
2391,SC,2015-04,0
2392,SC,2015-05,0
2393,SC,2015-06,0
2394,SC,2015-07,0
2395,SC,2015-08,0
2396,SC,2015-09,0
2397,SC,2015-10,0
2398,SC,2015-11,0
2399,SC,2015-12,0
2400,SD,2011-01,0
2401,SD,2011-02,0
2402,SD,2011-03,0
2403,SD,2011-04,0
2404,SD,2011-05,0
2405,SD,2011-06,0
2406,SD,2011-07,0
2407,SD,2011-08,0
2408,SD,2011-09,0
2409,SD,2011-10,0
2410,SD,2011-11,0
2411,SD,2011-12,0
2412,SD,2012-01,0
2413,SD,2012-02,0
2414,SD,2012-03,0
2415,SD,2012-04,0
2416,SD,2012-05,0
2417,SD,2012-06,0
2418,SD,2012-07,0
2419,SD,2012-08,0
2420,SD,2012-09,0
2421,SD,2012-10,0
2422,SD,2012-11,0
2423,SD,2012-12,0
2424,SD,2013-01,0
2425,SD,2013-02,0
2426,SD,2013-03,0
2427,SD,2013-04,0
2428,SD,2013-05,0
2429,SD,2013-06,0
2430,SD,2013-07,0
2431,SD,2013-08,0
2432,SD,2013-09,0
2433,SD,2013-10,0
2434,SD,2013-11,0
2435,SD,2013-12,0
2436,SD,2014-01,0
2437,SD,2014-02,0
2438,SD,2014-03,0
2439,SD,2014-04,0
2440,SD,2014-05,0
2441,SD,2014-06,0
2442,SD,2014-07,0
2443,SD,2014-08,0
2444,SD,2014-09,0
2445,SD,2014-10,0
2446,SD,2014-11,0
2447,SD,2014-12,0
2448,SD,2015-01,0
2449,SD,2015-02,0
2450,SD,2015-03,0
2451,SD,2015-04,0
2452,SD,2015-05,0
2453,SD,2015-06,0
2454,SD,2015-07,0
2455,SD,2015-08,0
2456,SD,2015-09,0
2457,SD,2015-10,0
2458,SD,2015-11,0
2459,SD,2015-12,0
2460,TN,2011-01,0
2461,TN,2011-02,0
2462,TN,2011-03,0
2463,TN,2011-04,0
2464,TN,2011-05,0
2465,TN,2011-06,0
2466,TN,2011-07,0
2467,TN,2011-08,0
2468,TN,2011-09,0
2469,TN,2011-10,0
2470,TN,2011-11,0
2471,TN,2011-12,0
2472,TN,2012-01,0
2473,TN,2012-02,0
2474,TN,2012-03,0
2475,TN,2012-04,0
2476,TN,2012-05,0
2477,TN,2012-06,0
2478,TN,2012-07,0
2479,TN,2012-08,0
2480,TN,2012-09,0
2481,TN,2012-10,0
2482,TN,2012-11,0
2483,TN,2012-12,0
2484,TN,2013-01,0
2485,TN,2013-02,0
2486,TN,2013-03,0
2487,TN,2013-04,0
2488,TN,2013-05,0
2489,TN,2013-06,0
2490,TN,2013-07,0
2491,TN,2013-08,0
2492,TN,2013-09,0
2493,TN,2013-10,0
2494,TN,2013-11,0
2495,TN,2013-12,0
2496,TN,2014-01,0
2497,TN,2014-02,0
2498,TN,2014-03,0
2499,TN,2014-04,0
2500,TN,2014-05,0
2501,TN,2014-06,0
2502,TN,2014-07,0
2503,TN,2014-08,0
2504,TN,2014-09,0
2505,TN,2014-10,0
2506,TN,2014-11,0
2507,TN,2014-12,0
2508,TN,2015-01,0
2509,TN,2015-02,0
2510,TN,2015-03,0
2511,TN,2015-04,0
2512,TN,2015-05,0
2513,TN,2015-06,0
2514,TN,2015-07,0
2515,TN,2015-08,0
2516,TN,2015-09,0
2517,TN,2015-10,0
2518,TN,2015-11,0
2519,TN,2015-12,0
2520,TX,2011-01,0
2521,TX,2011-02,0
2522,TX,2011-03,0
2523,TX,2011-04,0
2524,TX,2011-05,0
2525,TX,2011-06,0
2526,TX,2011-07,0
2527,TX,2011-08,0
2528,TX,2011-09,0
2529,TX,2011-10,0
2530,TX,2011-11,0
2531,TX,2011-12,0
2532,TX,2012-01,0
2533,TX,2012-02,0
2534,TX,2012-03,0
2535,TX,2012-04,0
2536,TX,2012-05,0
2537,TX,2012-06,0
2538,TX,2012-07,0
2539,TX,2012-08,0
2540,TX,2012-09,0
2541,TX,2012-10,0
2542,TX,2012-11,0
2543,TX,2012-12,0
2544,TX,2013-01,0
2545,TX,2013-02,0
2546,TX,2013-03,0
2547,TX,2013-04,0
2548,TX,2013-05,0
2549,TX,2013-06,0
2550,TX,2013-07,0
2551,TX,2013-08,0
2552,TX,2013-09,0
2553,TX,2013-10,0
2554,TX,2013-11,0
2555,TX,2013-12,0
2556,TX,2014-01,0
2557,TX,2014-02,0
2558,TX,2014-03,0
2559,TX,2014-04,0
2560,TX,2014-05,0
2561,TX,2014-06,0
2562,TX,2014-07,0
2563,TX,2014-08,0
2564,TX,2014-09,0
2565,TX,2014-10,0
2566,TX,2014-11,0
2567,TX,2014-12,0
2568,TX,2015-01,0
2569,TX,2015-02,0
2570,TX,2015-03,0
2571,TX,2015-04,0
2572,TX,2015-05,0
2573,TX,2015-06,0
2574,TX,2015-07,0
2575,TX,2015-08,0
2576,TX,2015-09,0
2577,TX,2015-10,0
2578,TX,2015-11,0
2579,TX,2015-12,0
2580,UT,2011-01,0
2581,UT,2011-02,0
2582,UT,2011-03,0
2583,UT,2011-04,0
2584,UT,2011-05,0
2585,UT,2011-06,0
2586,UT,2011-07,0
2587,UT,2011-08,0
2588,UT,2011-09,0
2589,UT,2011-10,0
2590,UT,2011-11,0
2591,UT,2011-12,0
2592,UT,2012-01,0
2593,UT,2012-02,0
2594,UT,2012-03,0
2595,UT,2012-04,0
2596,UT,2012-05,0
2597,UT,2012-06,0
2598,UT,2012-07,0
2599,UT,2012-08,0
2600,UT,2012-09,0
2601,UT,2012-10,0
2602,UT,2012-11,0
2603,UT,2012-12,0
2604,UT,2013-01,0
2605,UT,2013-02,0
2606,UT,2013-03,0
2607,UT,2013-04,0
2608,UT,2013-05,0
2609,UT,2013-06,0
2610,UT,2013-07,0
2611,UT,2013-08,0
2612,UT,2013-09,0
2613,UT,2013-10,0
2614,UT,2013-11,0
2615,UT,2013-12,0
2616,UT,2014-01,0
2617,UT,2014-02,0
2618,UT,2014-03,0
2619,UT,2014-04,0
2620,UT,2014-05,0
2621,UT,2014-06,0
2622,UT,2014-07,0
2623,UT,2014-08,0
2624,UT,2014-09,0
2625,UT,2014-10,0
2626,UT,2014-11,0
2627,UT,2014-12,0
2628,UT,2015-01,0
2629,UT,2015-02,0
2630,UT,2015-03,0
2631,UT,2015-04,0
2632,UT,2015-05,0
2633,UT,2015-06,0
2634,UT,2015-07,0
2635,UT,2015-08,0
2636,UT,2015-09,0
2637,UT,2015-10,0
2638,UT,2015-11,0
2639,UT,2015-12,0
2640,VA,2011-01,0
2641,VA,2011-02,0
2642,VA,2011-03,0
2643,VA,2011-04,0
2644,VA,2011-05,0
2645,VA,2011-06,0
2646,VA,2011-07,0
2647,VA,2011-08,0
2648,VA,2011-09,0
2649,VA,2011-10,0
2650,VA,2011-11,0
2651,VA,2011-12,0
2652,VA,2012-01,0
2653,VA,2012-02,0
2654,VA,2012-03,0
2655,VA,2012-04,0
2656,VA,2012-05,0
2657,VA,2012-06,0
2658,VA,2012-07,0
2659,VA,2012-08,0
2660,VA,2012-09,0
2661,VA,2012-10,0
2662,VA,2012-11,0
2663,VA,2012-12,0
2664,VA,2013-01,0
2665,VA,2013-02,0
2666,VA,2013-03,0
2667,VA,2013-04,0
2668,VA,2013-05,0
2669,VA,2013-06,0
2670,VA,2013-07,0
2671,VA,2013-08,0
2672,VA,2013-09,0
2673,VA,2013-10,0
2674,VA,2013-11,0
2675,VA,2013-12,0
2676,VA,2014-01,0
2677,VA,2014-02,0
2678,VA,2014-03,0
2679,VA,2014-04,0
2680,VA,2014-05,0
2681,VA,2014-06,0
2682,VA,2014-07,0
2683,VA,2014-08,0
2684,VA,2014-09,0
2685,VA,2014-10,0
2686,VA,2014-11,0
2687,VA,2014-12,0
2688,VA,2015-01,0
2689,VA,2015-02,0
2690,VA,2015-03,0
2691,VA,2015-04,0
2692,VA,2015-05,0
2693,VA,2015-06,0
2694,VA,2015-07,0
2695,VA,2015-08,0
2696,VA,2015-09,0
2697,VA,2015-10,0
2698,VA,2015-11,0
2699,VA,2015-12,0
2700,VT,2011-01,0
2701,VT,2011-02,0
2702,VT,2011-03,0
2703,VT,2011-04,0
2704,VT,2011-05,0
2705,VT,2011-06,0
2706,VT,2011-07,0
2707,VT,2011-08,0
2708,VT,2011-09,0
2709,VT,2011-10,0
2710,VT,2011-11,0
2711,VT,2011-12,0
2712,VT,2012-01,0
2713,VT,2012-02,0
2714,VT,2012-03,0
2715,VT,2012-04,0
2716,VT,2012-05,0
2717,VT,2012-06,0
2718,VT,2012-07,0
2719,VT,2012-08,0
2720,VT,2012-09,0
2721,VT,2012-10,0
2722,VT,2012-11,0
2723,VT,2012-12,0
2724,VT,2013-01,0
2725,VT,2013-02,0
2726,VT,2013-03,0
2727,VT,2013-04,0
2728,VT,2013-05,0
2729,VT,2013-06,0
2730,VT,2013-07,0
2731,VT,2013-08,0
2732,VT,2013-09,0
2733,VT,2013-10,0
2734,VT,2013-11,0
2735,VT,2013-12,0
2736,VT,2014-01,0
2737,VT,2014-02,0
2738,VT,2014-03,0
2739,VT,2014-04,0
2740,VT,2014-05,0
2741,VT,2014-06,0
2742,VT,2014-07,0
2743,VT,2014-08,0
2744,VT,2014-09,0
2745,VT,2014-10,0
2746,VT,2014-11,0
2747,VT,2014-12,0
2748,VT,2015-01,0
2749,VT,2015-02,0
2750,VT,2015-03,0
2751,VT,2015-04,0
2752,VT,2015-05,0
2753,VT,2015-06,0
2754,VT,2015-07,0
2755,VT,2015-08,0
2756,VT,2015-09,0
2757,VT,2015-10,0
2758,VT,2015-11,0
2759,VT,2015-12,0
2760,WA,2011-01,0
2761,WA,2011-02,0
2762,WA,2011-03,0
2763,WA,2011-04,0
2764,WA,2011-05,0
2765,WA,2011-06,0
2766,WA,2011-07,0
2767,WA,2011-08,0
2768,WA,2011-09,0
2769,WA,2011-10,0
2770,WA,2011-11,0
2771,WA,2011-12,0
2772,WA,2012-01,0
2773,WA,2012-02,0
2774,WA,2012-03,0
2775,WA,2012-04,0
2776,WA,2012-05,0
2777,WA,2012-06,0
2778,WA,2012-07,0
2779,WA,2012-08,0
2780,WA,2012-09,0
2781,WA,2012-10,0
2782,WA,2012-11,0
2783,WA,2012-12,0
2784,WA,2013-01,0
2785,WA,2013-02,0
2786,WA,2013-03,0
2787,WA,2013-04,0
2788,WA,2013-05,0
2789,WA,2013-06,0
2790,WA,2013-07,0
2791,WA,2013-08,0
2792,WA,2013-09,0
2793,WA,2013-10,0
2794,WA,2013-11,0
2795,WA,2013-12,0
2796,WA,2014-01,0
2797,WA,2014-02,0
2798,WA,2014-03,0
2799,WA,2014-04,0
2800,WA,2014-05,0
2801,WA,2014-06,0
2802,WA,2014-07,0
2803,WA,2014-08,0
2804,WA,2014-09,0
2805,WA,2014-10,0
2806,WA,2014-11,0
2807,WA,2014-12,0
2808,WA,2015-01,0
2809,WA,2015-02,0
2810,WA,2015-03,0
2811,WA,2015-04,0
2812,WA,2015-05,0
2813,WA,2015-06,0
2814,WA,2015-07,0
2815,WA,2015-08,0
2816,WA,2015-09,0
2817,WA,2015-10,0
2818,WA,2015-11,0
2819,WA,2015-12,0
2820,WI,2011-01,0
2821,WI,2011-02,0
2822,WI,2011-03,0
2823,WI,2011-04,0
2824,WI,2011-05,0
2825,WI,2011-06,0
2826,WI,2011-07,0
2827,WI,2011-08,0
2828,WI,2011-09,0
2829,WI,2011-10,0
2830,WI,2011-11,0
2831,WI,2011-12,0
2832,WI,2012-01,0
2833,WI,2012-02,0
2834,WI,2012-03,0
2835,WI,2012-04,0
2836,WI,2012-05,0
2837,WI,2012-06,0
2838,WI,2012-07,0
2839,WI,2012-08,0
2840,WI,2012-09,0
2841,WI,2012-10,0
2842,WI,2012-11,0
2843,WI,2012-12,0
2844,WI,2013-01,0
2845,WI,2013-02,0
2846,WI,2013-03,0
2847,WI,2013-04,0
2848,WI,2013-05,0
2849,WI,2013-06,0
2850,WI,2013-07,0
2851,WI,2013-08,0
2852,WI,2013-09,0
2853,WI,2013-10,0
2854,WI,2013-11,0
2855,WI,2013-12,0
2856,WI,2014-01,0
2857,WI,2014-02,0
2858,WI,2014-03,0
2859,WI,2014-04,0
2860,WI,2014-05,0
2861,WI,2014-06,0
2862,WI,2014-07,0
2863,WI,2014-08,0
2864,WI,2014-09,0
2865,WI,2014-10,0
2866,WI,2014-11,0
2867,WI,2014-12,0
2868,WI,2015-01,0
2869,WI,2015-02,0
2870,WI,2015-03,0
2871,WI,2015-04,0
2872,WI,2015-05,0
2873,WI,2015-06,0
2874,WI,2015-07,0
2875,WI,2015-08,0
2876,WI,2015-09,0
2877,WI,2015-10,0
2878,WI,2015-11,0
2879,WI,2015-12,0
2880,WV,2011-01,0
2881,WV,2011-02,0
2882,WV,2011-03,0
2883,WV,2011-04,0
2884,WV,2011-05,0
2885,WV,2011-06,0
2886,WV,2011-07,0
2887,WV,2011-08,0
2888,WV,2011-09,0
2889,WV,2011-10,0
2890,WV,2011-11,0
2891,WV,2011-12,0
2892,WV,2012-01,0
2893,WV,2012-02,0
2894,WV,2012-03,0
2895,WV,2012-04,0
2896,WV,2012-05,0
2897,WV,2012-06,0
2898,WV,2012-07,0
2899,WV,2012-08,0
2900,WV,2012-09,0
2901,WV,2012-10,0
2902,WV,2012-11,0
2903,WV,2012-12,0
2904,WV,2013-01,0
2905,WV,2013-02,0
2906,WV,2013-03,0
2907,WV,2013-04,0
2908,WV,2013-05,0
2909,WV,2013-06,0
2910,WV,2013-07,0
2911,WV,2013-08,0
2912,WV,2013-09,0
2913,WV,2013-10,0
2914,WV,2013-11,0
2915,WV,2013-12,0
2916,WV,2014-01,0
2917,WV,2014-02,0
2918,WV,2014-03,0
2919,WV,2014-04,0
2920,WV,2014-05,0
2921,WV,2014-06,0
2922,WV,2014-07,0
2923,WV,2014-08,0
2924,WV,2014-09,0
2925,WV,2014-10,0
2926,WV,2014-11,0
2927,WV,2014-12,0
2928,WV,2015-01,0
2929,WV,2015-02,0
2930,WV,2015-03,0
2931,WV,2015-04,0
2932,WV,2015-05,0
2933,WV,2015-06,0
2934,WV,2015-07,0
2935,WV,2015-08,0
2936,WV,2015-09,0
2937,WV,2015-10,0
2938,WV,2015-11,0
2939,WV,2015-12,0
2940,WY,2011-01,0
2941,WY,2011-02,0
2942,WY,2011-03,0
2943,WY,2011-04,0
2944,WY,2011-05,0
2945,WY,2011-06,0
2946,WY,2011-07,0
2947,WY,2011-08,0
2948,WY,2011-09,0
2949,WY,2011-10,0
2950,WY,2011-11,0
2951,WY,2011-12,0
2952,WY,2012-01,0
2953,WY,2012-02,0
2954,WY,2012-03,0
2955,WY,2012-04,0
2956,WY,2012-05,0
2957,WY,2012-06,0
2958,WY,2012-07,0
2959,WY,2012-08,0
2960,WY,2012-09,0
2961,WY,2012-10,0
2962,WY,2012-11,0
2963,WY,2012-12,0
2964,WY,2013-01,0
2965,WY,2013-02,0
2966,WY,2013-03,0
2967,WY,2013-04,0
2968,WY,2013-05,0
2969,WY,2013-06,0
2970,WY,2013-07,0
2971,WY,2013-08,0
2972,WY,2013-09,0
2973,WY,2013-10,0
2974,WY,2013-11,0
2975,WY,2013-12,0
2976,WY,2014-01,0
2977,WY,2014-02,0
2978,WY,2014-03,0
2979,WY,2014-04,0
2980,WY,2014-05,0
2981,WY,2014-06,0
2982,WY,2014-07,0
2983,WY,2014-08,0
2984,WY,2014-09,0
2985,WY,2014-10,0
2986,WY,2014-11,0
2987,WY,2014-12,0
2988,WY,2015-01,0
2989,WY,2015-02,0
2990,WY,2015-03,0
2991,WY,2015-04,0
2992,WY,2015-05,0
2993,WY,2015-06,0
2994,WY,2015-07,0
2995,WY,2015-08,0
2996,WY,2015-09,0
2997,WY,2015-10,0
2998,WY,2015-11,0
2999,WY,2015-12,0
